<?xml version="1.0" encoding="UTF-8" standalone="yes"?>
<addon id="plugin.video.livehub2" name=" [COLOR black].[/COLOR][COLOR ghostwhite][B]Cerebro IPTV[/B][/COLOR]" version="10.59" provider-name="Biglad">
  <requires>
    <import addon="xbmc.python" version="2.1.0"/>
	<import addon="script.module.requests" />
	<import addon="script.video.F4mProxy" />
    <import addon="script.cerebro.backend" />
	<import addon="repository.cerebro" />
  </requires>
  <extension point="xbmc.python.pluginsource" library="default.py">
        <provides>video</provides>
  </extension>
  <extension point="xbmc.addon.metadata">
    <summary lang="en">Cerbro Video Player</summary>
    <description lang="en">Cerbro Video Player Kodi 17+ is Recommended.</description>
	<disclaimer lang="en"></disclaimer>
    <platform>all</platform>
  </extension>
</addon>
