<?xml version="1.0" encoding="UTF-8" standalone="yes"?>
<addon id="script.program.megatvhousekeeper"
  name="CerebroTV House Keeper"
  version="1.3" 
  provider-name="Biglad">
  <requires>
    <import addon="xbmc.python" version="2.1.0"/>
  </requires>
  <extension point="xbmc.python.script" library="addon.py">
    <provides>executable</provides>
  </extension>
  <extension point="xbmc.addon.metadata">
    <platform>all</platform>
    <summary lang="en">CerebroTV Wait</summary>
    <description lang="en">CerebroTV Wait</description>
	<disclaimer>CerebroTV Wait.</disclaimer>
  </extension>
</addon>
