<favourites> 
	<favourite name="[COLOR red]--Music TV --------------------------[/COLOR]" thumb="special://home/addons/23.png">NOTHING</favourite>
    <favourite name="CerebroTV Menu Updater" thumb="special://home/addons/script.program.menurefresh\icon.png">RunAddon(script.program.menurefresh)</favourite>
    <favourite name="MTV Europe">PlayMedia(&quot;plugin://plugin.video.playlistLoader/?logos=&amp;move=0&amp;mode=3&amp;index=-1&amp;url=http%3A%2F%2F212.200.112.94%3A8000%2Fplay%2Fa01h&amp;iconimage=&amp;cache=0&amp;name=MTV+Europe&quot;)</favourite>
	<favourite name="[COLOR royalblue]Heart[/COLOR]" thumb="https://assets.tvplayer.com/common/logos/256/Colour/153.png">PlayMedia(&quot;plugin://plugin.video.tvplayer/?url=153&amp;mode=200&amp;name=%5BCOLOR+royalblue%5DHeart%5B%2FCOLOR%5D+-+%5BCOLOR+white%5DStrictly+00s+No1S%5B%2FCOLOR%5D&amp;iconimage=https%3A%2F%2Fassets.tvplayer.com%2Fcommon%2Flogos%2F256%2FColour%2F153.png&amp;description=&amp;genre=Music&quot;)</favourite>
    <favourite name="[COLOR royalblue]Capital TV[/COLOR]" thumb="https://assets.tvplayer.com/common/logos/256/Colour/157.png">PlayMedia(&quot;plugin://plugin.video.tvplayer/?url=157&amp;mode=200&amp;name=%5BCOLOR+royalblue%5DCapital+TV%5B%2FCOLOR%5D+-+%5BCOLOR+white%5DBig+Top+40%5B%2FCOLOR%5D&amp;iconimage=https%3A%2F%2Fassets.tvplayer.com%2Fcommon%2Flogos%2F256%2FColour%2F157.png&amp;description=&amp;genre=Music&quot;)</favourite>
    <favourite name="[COLOR royalblue]Clubland[/COLOR]" thumb="https://assets.tvplayer.com/common/logos/256/Colour/225.png">PlayMedia(&quot;plugin://plugin.video.tvplayer/?url=225&amp;mode=200&amp;name=%5BCOLOR+royalblue%5DClubland%5B%2FCOLOR%5D+-+%5BCOLOR+white%5DLush+A-List+Vidz%5B%2FCOLOR%5D&amp;iconimage=https%3A%2F%2Fassets.tvplayer.com%2Fcommon%2Flogos%2F256%2FColour%2F225.png&amp;description=The+freshest+beats+and+big+hits+for+2017.+This+is+our+selection+of+Lush+A-List+Vidz.&amp;genre=Music&quot;)</favourite>
    <favourite name="[COLOR royalblue]Chilled[/COLOR]" thumb="https://assets.tvplayer.com/common/logos/256/Colour/226.png">PlayMedia(&quot;plugin://plugin.video.tvplayer/?url=226&amp;mode=200&amp;name=%5BCOLOR+royalblue%5DChilled%5B%2FCOLOR%5D+-+%5BCOLOR+white%5DEasy+Cheesy%21+Top+40%5B%2FCOLOR%5D&amp;iconimage=https%3A%2F%2Fassets.tvplayer.com%2Fcommon%2Flogos%2F256%2FColour%2F226.png&amp;description=40+feelgood+faves+%26+raves+from+the+decade+of+dance%2C+britpop%2C+Cool+Brittania+%26+Kylie+Minogue.&amp;genre=Music&quot;)</favourite>
    <favourite name="[COLOR royalblue]Channel AKA[/COLOR]" thumb="https://assets.tvplayer.com/common/logos/256/Colour/227.png">PlayMedia(&quot;plugin://plugin.video.tvplayer/?url=227&amp;mode=200&amp;name=%5BCOLOR+royalblue%5DChannel+AKA%5B%2FCOLOR%5D+-+%5BCOLOR+white%5DThe+Official+AKA+Chart+With+Poet%5B%2FCOLOR%5D&amp;iconimage=https%3A%2F%2Fassets.tvplayer.com%2Fcommon%2Flogos%2F256%2FColour%2F227.png&amp;description=Refreshed+every+weekend+-+AKA+brings+you+the+ultimate+urban+chart+with+the+biggest+20+UK+%26+US+bangers+of+the+week.+Hosted+by+Poet+-+your+favourite+rapper%27s+favourite+presenter.&amp;genre=Music&quot;)</favourite>
    <favourite name="[COLOR royalblue]Now Thats What I Call Music[/COLOR]" thumb="https://assets.tvplayer.com/common/logos/256/Colour/228.png">PlayMedia(&quot;plugin://plugin.video.tvplayer/?url=228&amp;mode=200&amp;name=%5BCOLOR+royalblue%5DNow+Thats+What+I+Call+Music%5B%2FCOLOR%5D+-+%5BCOLOR+white%5D25+Forgotten+Favourites%21%5B%2FCOLOR%5D&amp;iconimage=https%3A%2F%2Fassets.tvplayer.com%2Fcommon%2Flogos%2F256%2FColour%2F228.png&amp;description=25+videos+you%27d+probably+forgotten%2C+some+of+which+you+hoped+you%27d+never+see+again%21+Standby+for+The+Fat+Boys%2C+Will+Powers%2C+Angry+Anderson+%26+Tracey+Ullman.&amp;genre=Music&quot;)</favourite>
    <favourite name="[B][COLOR white]MTV CLASSICSMTV MUSIC[/COLOR][/B]" thumb="http://swiftstreamz.com/SwiftStream/images/thumbs/79301_mtvmusic1.jpg">PlayMedia(&quot;plugin://script.module.streamhublive/?url=swift:http://185.21.217.33:7071/routernew/MTVMUSIC/playlist.m3u8&amp;mode=10&amp;name=%5BB%5D%5BCOLOR+white%5DMTV+CLASSICSMTV+MUSIC%5B%2FCOLOR%5D%5B%2FB%5D&amp;iconimage=http%3A%2F%2Fswiftstreamz.com%2FSwiftStream%2Fimages%2Fthumbs%2F79301_mtvmusic1.jpg&amp;description=MTV+CLASSICSMTV+MUSIC+MTV+CLASSICSMTV+MUSIC+MTV+CLASSICSMTV+MUSIC&quot;)</favourite>
    <favourite name="[B][COLOR white]MTV CLASSICS[/COLOR][/B]" thumb="http://swiftstreamz.com/SwiftStream/images/thumbs/62409_mtvclassic1.jpg">PlayMedia(&quot;plugin://script.module.streamhublive/?url=swift:http://185.21.217.33:7071/routernew/MTVCLASSICS/playlist.m3u8&amp;mode=10&amp;name=%5BB%5D%5BCOLOR+white%5DMTV+CLASSICS%5B%2FCOLOR%5D%5B%2FB%5D&amp;iconimage=http%3A%2F%2Fswiftstreamz.com%2FSwiftStream%2Fimages%2Fthumbs%2F62409_mtvclassic1.jpg&amp;description=MTV+CLASSICS+MTV+CLASSICS+MTV+CLASSICS+MTV+CLASSICS&quot;)</favourite>
    <favourite name="[B][COLOR white]MTV Base[/COLOR][/B]" thumb="http://swiftstreamz.com/SwiftStream/images/thumbs/31278_mtvbase1.jpg">PlayMedia(&quot;plugin://script.module.streamhublive/?url=swift:http://185.21.217.33:7071/routernew/MTVBase/playlist.m3u8&amp;mode=10&amp;name=%5BB%5D%5BCOLOR+white%5DMTV+Base%5B%2FCOLOR%5D%5B%2FB%5D&amp;iconimage=http%3A%2F%2Fswiftstreamz.com%2FSwiftStream%2Fimages%2Fthumbs%2F31278_mtvbase1.jpg&amp;description=MTV+Base+MTV+Base+MTV+Base+MTV+Base+MTV+Base+MTV+Base&quot;)</favourite>
    <favourite name="[B][COLOR white]MTV Dance[/COLOR][/B]" thumb="http://swiftstreamz.com/SwiftStream/images/thumbs/64286_mtvdance1.jpg">PlayMedia(&quot;plugin://script.module.streamhublive/?url=swift:http://185.21.217.33:7071/routernew/MTVDance/playlist.m3u8&amp;mode=10&amp;name=%5BB%5D%5BCOLOR+white%5DMTV+Dance%5B%2FCOLOR%5D%5B%2FB%5D&amp;iconimage=http%3A%2F%2Fswiftstreamz.com%2FSwiftStream%2Fimages%2Fthumbs%2F64286_mtvdance1.jpg&amp;description=MTV+Dance+MTV+Dance+MTV+Dance+MTV+DanceMTV+Dance&quot;)</favourite>
    <favourite name="[B][COLOR white]MTV Hits[/COLOR][/B]" thumb="http://swiftstreamz.com/SwiftStream/images/thumbs/93265_mtvhits1.jpg">PlayMedia(&quot;plugin://script.module.streamhublive/?url=swift:http://185.21.217.33:7071/routernew/MTVHits/playlist.m3u8&amp;mode=10&amp;name=%5BB%5D%5BCOLOR+white%5DMTV+Hits%5B%2FCOLOR%5D%5B%2FB%5D&amp;iconimage=http%3A%2F%2Fswiftstreamz.com%2FSwiftStream%2Fimages%2Fthumbs%2F93265_mtvhits1.jpg&amp;description=MTV+Hits+MTV+Hits+MTV+Hits+MTV+Hits+MTV+Hits+MTV+Hits&quot;)</favourite>
    <favourite name="[B][COLOR white]VH1[/COLOR][/B]" thumb="http://swiftstreamz.com/SwiftStream/images/thumbs/79743_vh1.jpg">PlayMedia(&quot;plugin://script.module.streamhublive/?url=swift:http://185.21.217.59:7071/latest/vh1uk/playlist.m3u8&amp;mode=10&amp;name=%5BB%5D%5BCOLOR+white%5DVH1%5B%2FCOLOR%5D%5B%2FB%5D&amp;iconimage=http%3A%2F%2Fswiftstreamz.com%2FSwiftStream%2Fimages%2Fthumbs%2F79743_vh1.jpg&amp;description=VH1+VH1+VH1+VH1+VH1+VH1+VH1&quot;)</favourite>
    <favourite name="[COLOR red]--Music TV --------------------------[/COLOR]" thumb="special://home/addons/23.png">NOTHING</favourite>
    <favourite name="[COLOR pink]Clubland[/COLOR]" thumb="http://mtvb.co.uk/icon.png">ActivateWindow(10025,&quot;plugin://plugin.video.livehub2/?description&amp;iconimage=http%3a%2f%2fgeekpeaksoftware.com%2fwp-content%2fuploads%2f2016%2f10%2fmobdro.png&amp;mode=10&amp;name=%5bB%5d%5bCOLOR%20white%5dClubland%20TV%5b%2fCOLOR%5d%5b%2fB%5d&amp;url=mpd%3a%2f%2ffe87875db342914b6983c5b202624537.m3u8&quot;,return)</favourite>
    <favourite name="[COLOR pink]MTV Dance[/COLOR]" thumb="http://mtvb.co.uk/icon.png">ActivateWindow(10025,&quot;plugin://plugin.video.livehub2/?description&amp;iconimage=http%3a%2f%2fgeekpeaksoftware.com%2fwp-content%2fuploads%2f2016%2f10%2fmobdro.png&amp;mode=10&amp;name=%5bB%5d%5bCOLOR%20white%5dMTV%20Dance%5b%2fCOLOR%5d%5b%2fB%5d&amp;url=mpd%3a%2f%2f2672617afdf44cdfe0bef6f41856c920.m3u8&quot;,return)</favourite>
    <favourite name="[COLOR pink]Channel AKA[/COLOR]" thumb="http://mtvb.co.uk/icon.png">ActivateWindow(10025,&quot;plugin://plugin.video.livehub2/?description&amp;iconimage=http%3a%2f%2fgeekpeaksoftware.com%2fwp-content%2fuploads%2f2016%2f10%2fmobdro.png&amp;mode=10&amp;name=%5bB%5d%5bCOLOR%20white%5dChannel%20AKA%5b%2fCOLOR%5d%5b%2fB%5d&amp;url=mpd%3a%2f%2fd219be9bfb4b4adab469f2b9760e1f68.m3u8&quot;,return)</favourite>
    <favourite name="[COLOR pink]Now That&apos;s What I Call Music[/COLOR]" thumb="http://mtvb.co.uk/icon.png">ActivateWindow(10025,&quot;plugin://plugin.video.livehub2/?description&amp;iconimage=http%3a%2f%2fgeekpeaksoftware.com%2fwp-content%2fuploads%2f2016%2f10%2fmobdro.png&amp;mode=10&amp;name=%5bB%5d%5bCOLOR%20white%5dNow%20That%27s%20What%20I%20Call%20Music%5b%2fCOLOR%5d%5b%2fB%5d&amp;url=mpd%3a%2f%2f4f2bbf7cda8028c3cc2c16723defb7d8.m3u8&quot;,return)</favourite>
    <favourite name="[COLOR pink]VH1 UK[/COLOR]" thumb="http://mtvb.co.uk/icon.png">ActivateWindow(10025,&quot;plugin://plugin.video.livehub2/?description&amp;iconimage=http%3a%2f%2fgeekpeaksoftware.com%2fwp-content%2fuploads%2f2016%2f10%2fmobdro.png&amp;mode=10&amp;name=%5bB%5d%5bCOLOR%20white%5dVH1%20UK%5b%2fCOLOR%5d%5b%2fB%5d&amp;url=mpd%3a%2f%2fb255a81385c67a839c15d92b8bad092c.m3u8&quot;,return)</favourite>
</favourites>