<favourites>
	<favourite name="CerebroTV Menu Updater" thumb="special://home/addons/script.program.menurefresh\icon.png">RunAddon(script.program.menurefresh)</favourite>
    <favourite name="[B][COLOR white]Aquaman (1968 TV Series)[/COLOR][/B]" thumb="http://www.cartoonson.com/_resources/Cartoons/show/84/image/555x418/Aquaman.jpg">ActivateWindow(10025,&quot;plugin://plugin.video.cartoonson/?description&amp;iconimage=http%3a%2f%2fwww.cartoonson.com%2f_resources%2fCartoons%2fshow%2f84%2fimage%2f555x418%2fAquaman.jpg&amp;mode=2&amp;name=%5bB%5d%5bCOLOR%20white%5dAquaman%20(1968%20TV%20Series)%5b%2fCOLOR%5d%5b%2fB%5d&amp;url=http%3a%2f%2fwww.cartoonson.com%2fcartoons%2fview%2fid%2faquaman-1968-episodes&quot;,return)</favourite>
    <favourite name="[B][COLOR white]The Buzz on Maggie (2005-2006) Episodes[/COLOR][/B]" thumb="http://www.cartoonson.com/_resources/Cartoons/show/83/image/555x418/maggie-the-fly.jpg">ActivateWindow(10025,&quot;plugin://plugin.video.cartoonson/?description&amp;iconimage=http%3a%2f%2fwww.cartoonson.com%2f_resources%2fCartoons%2fshow%2f83%2fimage%2f555x418%2fmaggie-the-fly.jpg&amp;mode=2&amp;name=%5bB%5d%5bCOLOR%20white%5dThe%20Buzz%20on%20Maggie%20(2005-2006)%20Episodes%5b%2fCOLOR%5d%5b%2fB%5d&amp;url=http%3a%2f%2fwww.cartoonson.com%2fcartoons%2fview%2fid%2fthe-buzz-on-maggie&quot;,return)</favourite>
    <favourite name="[B][COLOR white]The Porky Pig Show (1964-1967)[/COLOR][/B]" thumb="http://www.cartoonson.com/_resources/Cartoons/show/80/image/555x418/porky_pig_wallpaper.jpg">ActivateWindow(10025,&quot;plugin://plugin.video.cartoonson/?description&amp;iconimage=http%3a%2f%2fwww.cartoonson.com%2f_resources%2fCartoons%2fshow%2f80%2fimage%2f555x418%2fporky_pig_wallpaper.jpg&amp;mode=2&amp;name=%5bB%5d%5bCOLOR%20white%5dThe%20Porky%20Pig%20Show%20(1964-1967)%5b%2fCOLOR%5d%5b%2fB%5d&amp;url=http%3a%2f%2fwww.cartoonson.com%2fcartoons%2fview%2fid%2fthe-porky-pig-full-episodes&quot;,return)</favourite>
    <favourite name="[B][COLOR white]Road Rovers (TV Series 1996-1997)[/COLOR][/B]" thumb="http://www.cartoonson.com/_resources/Cartoons/show/72/image/555x418/road-rovers-by-seriojainc.jpg">ActivateWindow(10025,&quot;plugin://plugin.video.cartoonson/?description&amp;iconimage=http%3a%2f%2fwww.cartoonson.com%2f_resources%2fCartoons%2fshow%2f72%2fimage%2f555x418%2froad-rovers-by-seriojainc.jpg&amp;mode=2&amp;name=%5bB%5d%5bCOLOR%20white%5dRoad%20Rovers%20(TV%20Series%201996-1997)%5b%2fCOLOR%5d%5b%2fB%5d&amp;url=http%3a%2f%2fwww.cartoonson.com%2fcartoons%2fview%2fid%2froad-rovers-full-episodes&quot;,return)</favourite>
    <favourite name="[B][COLOR white]Scooby&apos;s Laff-A Lympics (TV Series 1977–1979)[/COLOR][/B]" thumb="http://www.cartoonson.com/_resources/Cartoons/show/71/image/555x418/laff-a-lympics1.jpg">ActivateWindow(10025,&quot;plugin://plugin.video.cartoonson/?description&amp;iconimage=http%3a%2f%2fwww.cartoonson.com%2f_resources%2fCartoons%2fshow%2f71%2fimage%2f555x418%2flaff-a-lympics1.jpg&amp;mode=2&amp;name=%5bB%5d%5bCOLOR%20white%5dScooby%27s%20Laff-A%20Lympics%20(TV%20Series%201977%e2%80%931979)%5b%2fCOLOR%5d%5b%2fB%5d&amp;url=http%3a%2f%2fwww.cartoonson.com%2fcartoons%2fview%2fid%2fscoobys-laff-a-lympics-full-episodes&quot;,return)</favourite>
    <favourite name="[B][COLOR white]DC Super Friends (2015 TV Series)[/COLOR][/B]" thumb="http://www.cartoonson.com/_resources/Cartoons/show/70/image/555x418/dc-superfriends.jpg">ActivateWindow(10025,&quot;plugin://plugin.video.cartoonson/?description&amp;iconimage=http%3a%2f%2fwww.cartoonson.com%2f_resources%2fCartoons%2fshow%2f70%2fimage%2f555x418%2fdc-superfriends.jpg&amp;mode=2&amp;name=%5bB%5d%5bCOLOR%20white%5dDC%20Super%20Friends%20(2015%20TV%20Series)%5b%2fCOLOR%5d%5b%2fB%5d&amp;url=http%3a%2f%2fwww.cartoonson.com%2fcartoons%2fview%2fid%2fdc-super-friends-full-episodes&quot;,return)</favourite>
    <favourite name="[B][COLOR white]Young Justice (2010 TV Series)[/COLOR][/B]" thumb="http://www.cartoonson.com/_resources/Cartoons/show/69/image/555x418/Young_Justice.jpg">ActivateWindow(10025,&quot;plugin://plugin.video.cartoonson/?description&amp;iconimage=http%3a%2f%2fwww.cartoonson.com%2f_resources%2fCartoons%2fshow%2f69%2fimage%2f555x418%2fYoung_Justice.jpg&amp;mode=2&amp;name=%5bB%5d%5bCOLOR%20white%5dYoung%20Justice%20(2010%20TV%20Series)%5b%2fCOLOR%5d%5b%2fB%5d&amp;url=http%3a%2f%2fwww.cartoonson.com%2fcartoons%2fview%2fid%2fyoung-justice-full-episodes&quot;,return)</favourite>
    <favourite name="[B][COLOR white]Green Lantern: The Animated Series[/COLOR][/B]" thumb="http://www.cartoonson.com/_resources/Cartoons/show/68/image/555x418/green-latern.jpg">ActivateWindow(10025,&quot;plugin://plugin.video.cartoonson/?description&amp;iconimage=http%3a%2f%2fwww.cartoonson.com%2f_resources%2fCartoons%2fshow%2f68%2fimage%2f555x418%2fgreen-latern.jpg&amp;mode=2&amp;name=%5bB%5d%5bCOLOR%20white%5dGreen%20Lantern%3a%20The%20Animated%20Series%5b%2fCOLOR%5d%5b%2fB%5d&amp;url=http%3a%2f%2fwww.cartoonson.com%2fcartoons%2fview%2fid%2fgreen-lantern-the-animated-series-full-episodes&quot;,return)</favourite>
    <favourite name="[B][COLOR white]Denver, the Last Dinosaur (TV Series 1988-1990)[/COLOR][/B]" thumb="http://www.cartoonson.com/_resources/Cartoons/show/67/image/555x418/Denver_the_Last_Dinosaur.jpg">ActivateWindow(10025,&quot;plugin://plugin.video.cartoonson/?description&amp;iconimage=http%3a%2f%2fwww.cartoonson.com%2f_resources%2fCartoons%2fshow%2f67%2fimage%2f555x418%2fDenver_the_Last_Dinosaur.jpg&amp;mode=2&amp;name=%5bB%5d%5bCOLOR%20white%5dDenver%2c%20the%20Last%20Dinosaur%20(TV%20Series%201988-1990)%5b%2fCOLOR%5d%5b%2fB%5d&amp;url=http%3a%2f%2fwww.cartoonson.com%2fcartoons%2fview%2fid%2fdenver-the-last-dinosaur-episodes&quot;,return)</favourite>
    <favourite name="[B][COLOR white]Iron Man (TV Series 1994-1996)[/COLOR][/B]" thumb="http://www.cartoonson.com/_resources/Cartoons/show/66/image/555x418/Iron-Man-animated-series.jpg">ActivateWindow(10025,&quot;plugin://plugin.video.cartoonson/?description&amp;iconimage=http%3a%2f%2fwww.cartoonson.com%2f_resources%2fCartoons%2fshow%2f66%2fimage%2f555x418%2fIron-Man-animated-series.jpg&amp;mode=2&amp;name=%5bB%5d%5bCOLOR%20white%5dIron%20Man%20(TV%20Series%201994-1996)%5b%2fCOLOR%5d%5b%2fB%5d&amp;url=http%3a%2f%2fwww.cartoonson.com%2fcartoons%2fview%2fid%2firon-man-tv-series-1994-1996&quot;,return)</favourite>
    <favourite name="[B][COLOR white]Ed, Edd n Eddy (TV Series 1999-2009)[/COLOR][/B]" thumb="http://www.cartoonson.com/_resources/Cartoons/show/64/image/555x418/ed-edd-n-eddy.jpg">ActivateWindow(10025,&quot;plugin://plugin.video.cartoonson/?description&amp;iconimage=http%3a%2f%2fwww.cartoonson.com%2f_resources%2fCartoons%2fshow%2f64%2fimage%2f555x418%2fed-edd-n-eddy.jpg&amp;mode=2&amp;name=%5bB%5d%5bCOLOR%20white%5dEd%2c%20Edd%20n%20Eddy%20(TV%20Series%201999-2009)%5b%2fCOLOR%5d%5b%2fB%5d&amp;url=http%3a%2f%2fwww.cartoonson.com%2fcartoons%2fview%2fid%2fed-edd-n-eddy-full-episodes&quot;,return)</favourite>
    <favourite name="[B][COLOR white]Generator Rex (TV Series 2010-2013)[/COLOR][/B]" thumb="http://www.cartoonson.com/_resources/Cartoons/show/63/image/555x418/generator-rex.jpg">ActivateWindow(10025,&quot;plugin://plugin.video.cartoonson/?description&amp;iconimage=http%3a%2f%2fwww.cartoonson.com%2f_resources%2fCartoons%2fshow%2f63%2fimage%2f555x418%2fgenerator-rex.jpg&amp;mode=2&amp;name=%5bB%5d%5bCOLOR%20white%5dGenerator%20Rex%20(TV%20Series%202010-2013)%5b%2fCOLOR%5d%5b%2fB%5d&amp;url=http%3a%2f%2fwww.cartoonson.com%2fcartoons%2fview%2fid%2fgenerator-rex-tv-series-2010-2013&quot;,return)</favourite>
    <favourite name="[B][COLOR white]Race to the Edge[/COLOR][/B]" thumb="http://www.cartoonson.com/_resources/Cartoons/show/62/image/555x418/Fosters-Home-for-Imaginary-Friends.jpg">ActivateWindow(10025,&quot;plugin://plugin.video.cartoonson/?description&amp;iconimage=http%3a%2f%2fwww.cartoonson.com%2f_resources%2fCartoons%2fshow%2f62%2fimage%2f555x418%2fFosters-Home-for-Imaginary-Friends.jpg&amp;mode=2&amp;name=%5bB%5d%5bCOLOR%20white%5dRace%20to%20the%20Edge%5b%2fCOLOR%5d%5b%2fB%5d&amp;url=http%3a%2f%2fwww.cartoonson.com%2fcartoons%2fview%2fid%2ffosters-home-for-imaginary-friends-episodes&quot;,return)</favourite>
    <favourite name="[B][COLOR white]Dragons Defenders of Berk[/COLOR][/B]" thumb="http://www.cartoonson.com/_resources/Cartoons/show/60/image/555x418/Defenders_of_berk_1.jpg">ActivateWindow(10025,&quot;plugin://plugin.video.cartoonson/?description&amp;iconimage=http%3a%2f%2fwww.cartoonson.com%2f_resources%2fCartoons%2fshow%2f60%2fimage%2f555x418%2fDefenders_of_berk_1.jpg&amp;mode=2&amp;name=%5bB%5d%5bCOLOR%20white%5dDragons%20Defenders%20of%20Berk%5b%2fCOLOR%5d%5b%2fB%5d&amp;url=http%3a%2f%2fwww.cartoonson.com%2fcartoons%2fview%2fid%2fdragons-defenders-of-berk&quot;,return)</favourite>
    <favourite name="[B][COLOR white]Dragons Riders of Berk[/COLOR][/B]" thumb="http://www.cartoonson.com/_resources/Cartoons/show/59/image/555x418/dragons-riders-of-berk.jpg">ActivateWindow(10025,&quot;plugin://plugin.video.cartoonson/?description&amp;iconimage=http%3a%2f%2fwww.cartoonson.com%2f_resources%2fCartoons%2fshow%2f59%2fimage%2f555x418%2fdragons-riders-of-berk.jpg&amp;mode=2&amp;name=%5bB%5d%5bCOLOR%20white%5dDragons%20Riders%20of%20Berk%5b%2fCOLOR%5d%5b%2fB%5d&amp;url=http%3a%2f%2fwww.cartoonson.com%2fcartoons%2fview%2fid%2fdragon-riders-of-berk&quot;,return)</favourite>
    <favourite name="[B][COLOR white]Invader ZIM[/COLOR][/B]" thumb="http://www.cartoonson.com/_resources/Cartoons/show/58/image/555x418/invader-zim-featured.jpg">ActivateWindow(10025,&quot;plugin://plugin.video.cartoonson/?description&amp;iconimage=http%3a%2f%2fwww.cartoonson.com%2f_resources%2fCartoons%2fshow%2f58%2fimage%2f555x418%2finvader-zim-featured.jpg&amp;mode=2&amp;name=%5bB%5d%5bCOLOR%20white%5dInvader%20ZIM%5b%2fCOLOR%5d%5b%2fB%5d&amp;url=http%3a%2f%2fwww.cartoonson.com%2fcartoons%2fview%2fid%2finvader-zim-tv-series-2001-2004&quot;,return)</favourite>
    <favourite name="[B][COLOR white]The New Batman Adventures[/COLOR][/B]" thumb="http://www.cartoonson.com/_resources/Cartoons/show/57/image/555x418/The-New-Batman-Adventures.jpg">ActivateWindow(10025,&quot;plugin://plugin.video.cartoonson/?description&amp;iconimage=http%3a%2f%2fwww.cartoonson.com%2f_resources%2fCartoons%2fshow%2f57%2fimage%2f555x418%2fThe-New-Batman-Adventures.jpg&amp;mode=2&amp;name=%5bB%5d%5bCOLOR%20white%5dThe%20New%20Batman%20Adventures%5b%2fCOLOR%5d%5b%2fB%5d&amp;url=http%3a%2f%2fwww.cartoonson.com%2fcartoons%2fview%2fid%2fthe-new-batman-adventures-tv-series&quot;,return)</favourite>
    <favourite name="[B][COLOR white]The Best of Mr. Peabody &amp; Sherman[/COLOR][/B]" thumb="http://www.cartoonson.com/_resources/Cartoons/show/54/image/555x418/The_Mr._Peabody__Sherman_Show_1959-1962.jpg">ActivateWindow(10025,&quot;plugin://plugin.video.cartoonson/?description&amp;iconimage=http%3a%2f%2fwww.cartoonson.com%2f_resources%2fCartoons%2fshow%2f54%2fimage%2f555x418%2fThe_Mr._Peabody__Sherman_Show_1959-1962.jpg&amp;mode=2&amp;name=%5bB%5d%5bCOLOR%20white%5dThe%20Best%20of%20Mr.%20Peabody%20%26%20Sherman%5b%2fCOLOR%5d%5b%2fB%5d&amp;url=http%3a%2f%2fwww.cartoonson.com%2fcartoons%2fview%2fid%2fthe-best-of-mr-peabody-and-sherman&quot;,return)</favourite>
    <favourite name="[B][COLOR white]The Addams Family (1992)[/COLOR][/B]" thumb="http://www.cartoonson.com/_resources/Cartoons/show/53/image/555x418/the-addams-family-1992.jpg">ActivateWindow(10025,&quot;plugin://plugin.video.cartoonson/?description&amp;iconimage=http%3a%2f%2fwww.cartoonson.com%2f_resources%2fCartoons%2fshow%2f53%2fimage%2f555x418%2fthe-addams-family-1992.jpg&amp;mode=2&amp;name=%5bB%5d%5bCOLOR%20white%5dThe%20Addams%20Family%20(1992)%5b%2fCOLOR%5d%5b%2fB%5d&amp;url=http%3a%2f%2fwww.cartoonson.com%2fcartoons%2fview%2fid%2fthe-addams-family-1992-tv-series&quot;,return)</favourite>
    <favourite name="[B][COLOR white]The Avengers: Earths Mightiest Heroes[/COLOR][/B]" thumb="http://www.cartoonson.com/_resources/Cartoons/show/52/image/555x418/avenger_earths_mightiest_heroes.jpg">ActivateWindow(10025,&quot;plugin://plugin.video.cartoonson/?description&amp;iconimage=http%3a%2f%2fwww.cartoonson.com%2f_resources%2fCartoons%2fshow%2f52%2fimage%2f555x418%2favenger_earths_mightiest_heroes.jpg&amp;mode=2&amp;name=%5bB%5d%5bCOLOR%20white%5dThe%20Avengers%3a%20Earths%20Mightiest%20Heroes%5b%2fCOLOR%5d%5b%2fB%5d&amp;url=http%3a%2f%2fwww.cartoonson.com%2fcartoons%2fview%2fid%2fthe-avengers-earth-s-mightiest-heroes&quot;,return)</favourite>
    <favourite name="[B][COLOR white]Baby Looney Tunes (2001-2006)[/COLOR][/B]" thumb="http://www.cartoonson.com/_resources/Cartoons/show/51/image/555x418/baby-looney-toons.jpg">ActivateWindow(10025,&quot;plugin://plugin.video.cartoonson/?description&amp;iconimage=http%3a%2f%2fwww.cartoonson.com%2f_resources%2fCartoons%2fshow%2f51%2fimage%2f555x418%2fbaby-looney-toons.jpg&amp;mode=2&amp;name=%5bB%5d%5bCOLOR%20white%5dBaby%20Looney%20Tunes%20(2001-2006)%5b%2fCOLOR%5d%5b%2fB%5d&amp;url=http%3a%2f%2fwww.cartoonson.com%2fcartoons%2fview%2fid%2fbaby-looney-tunes-tv-series&quot;,return)</favourite>
    <favourite name="[B][COLOR white]Tom and Jerry[/COLOR][/B]" thumb="http://www.cartoonson.com/_resources/Cartoons/show/12/image/555x418/Tom-and-Jerry-classic.jpg">ActivateWindow(10025,&quot;plugin://plugin.video.cartoonson/?description&amp;iconimage=http%3a%2f%2fwww.cartoonson.com%2f_resources%2fCartoons%2fshow%2f12%2fimage%2f555x418%2fTom-and-Jerry-classic.jpg&amp;mode=2&amp;name=%5bB%5d%5bCOLOR%20white%5dTom%20and%20Jerry%5b%2fCOLOR%5d%5b%2fB%5d&amp;url=http%3a%2f%2fwww.cartoonson.com%2fcartoons%2fview%2fid%2ftom-and-jerry-classic-collection&quot;,return)</favourite>
    <favourite name="[B][COLOR white]Avatar: The Last Airbender[/COLOR][/B]" thumb="http://www.cartoonson.com/_resources/Cartoons/show/8/image/555x418/avatar-the-last-airbender-episodes.jpg">ActivateWindow(10025,&quot;plugin://plugin.video.cartoonson/?description&amp;iconimage=http%3a%2f%2fwww.cartoonson.com%2f_resources%2fCartoons%2fshow%2f8%2fimage%2f555x418%2favatar-the-last-airbender-episodes.jpg&amp;mode=2&amp;name=%5bB%5d%5bCOLOR%20white%5dAvatar%3a%20The%20Last%20Airbender%5b%2fCOLOR%5d%5b%2fB%5d&amp;url=http%3a%2f%2fwww.cartoonson.com%2fcartoons%2fview%2fid%2favatar-the-last-airbender&quot;,return)</favourite>
    <favourite name="[B][COLOR white]Ben 10: Omniverse[/COLOR][/B]" thumb="http://www.cartoonson.com/_resources/Cartoons/show/9/image/555x418/Ben-10-Omniverse2.jpg">ActivateWindow(10025,&quot;plugin://plugin.video.cartoonson/?description&amp;iconimage=http%3a%2f%2fwww.cartoonson.com%2f_resources%2fCartoons%2fshow%2f9%2fimage%2f555x418%2fBen-10-Omniverse2.jpg&amp;mode=2&amp;name=%5bB%5d%5bCOLOR%20white%5dBen%2010%3a%20Omniverse%5b%2fCOLOR%5d%5b%2fB%5d&amp;url=http%3a%2f%2fwww.cartoonson.com%2fcartoons%2fview%2fid%2fben-10-omniverse&quot;,return)</favourite>
    <favourite name="[B][COLOR white]The Flintstones[/COLOR][/B]" thumb="http://www.cartoonson.com/_resources/Cartoons/show/14/image/555x418/The-Flintstone-TV-series.jpg">ActivateWindow(10025,&quot;plugin://plugin.video.cartoonson/?description&amp;iconimage=http%3a%2f%2fwww.cartoonson.com%2f_resources%2fCartoons%2fshow%2f14%2fimage%2f555x418%2fThe-Flintstone-TV-series.jpg&amp;mode=2&amp;name=%5bB%5d%5bCOLOR%20white%5dThe%20Flintstones%5b%2fCOLOR%5d%5b%2fB%5d&amp;url=http%3a%2f%2fwww.cartoonson.com%2fcartoons%2fview%2fid%2fthe-flintstones-tv-series&quot;,return)</favourite>
    <favourite name="[B][COLOR white]The Bugs Bunny Show[/COLOR][/B]" thumb="http://www.cartoonson.com/_resources/Cartoons/show/13/image/555x418/bugs-bunny-show.jpg">ActivateWindow(10025,&quot;plugin://plugin.video.cartoonson/?description&amp;iconimage=http%3a%2f%2fwww.cartoonson.com%2f_resources%2fCartoons%2fshow%2f13%2fimage%2f555x418%2fbugs-bunny-show.jpg&amp;mode=2&amp;name=%5bB%5d%5bCOLOR%20white%5dThe%20Bugs%20Bunny%20Show%5b%2fCOLOR%5d%5b%2fB%5d&amp;url=http%3a%2f%2fwww.cartoonson.com%2fcartoons%2fview%2fid%2fthe-bugs-bunny-show&quot;,return)</favourite>
    <favourite name="[B][COLOR white]Yo Yogi! (TV Series 1991-1992)[/COLOR][/B]" thumb="http://www.cartoonson.com/_resources/Cartoons/show/47/image/555x418/Yo_Yogi_.jpg">ActivateWindow(10025,&quot;plugin://plugin.video.cartoonson/?description&amp;iconimage=http%3a%2f%2fwww.cartoonson.com%2f_resources%2fCartoons%2fshow%2f47%2fimage%2f555x418%2fYo_Yogi_.jpg&amp;mode=2&amp;name=%5bB%5d%5bCOLOR%20white%5dYo%20Yogi!%20(TV%20Series%201991-1992)%5b%2fCOLOR%5d%5b%2fB%5d&amp;url=http%3a%2f%2fwww.cartoonson.com%2fcartoons%2fview%2fid%2fyo-yogi-tv-series-1991-1992&quot;,return)</favourite>
    <favourite name="[B][COLOR white]Mr. Bean - The Animated Series[/COLOR][/B]" thumb="http://www.cartoonson.com/_resources/Cartoons/show/44/image/555x418/Mr.-Bean1.jpg">ActivateWindow(10025,&quot;plugin://plugin.video.cartoonson/?description&amp;iconimage=http%3a%2f%2fwww.cartoonson.com%2f_resources%2fCartoons%2fshow%2f44%2fimage%2f555x418%2fMr.-Bean1.jpg&amp;mode=2&amp;name=%5bB%5d%5bCOLOR%20white%5dMr.%20Bean%20-%20The%20Animated%20Series%5b%2fCOLOR%5d%5b%2fB%5d&amp;url=http%3a%2f%2fwww.cartoonson.com%2fcartoons%2fview%2fid%2fmr-bean-the-animated-series&quot;,return)</favourite>
    <favourite name="[B][COLOR white]Scooby-Doo, Where Are You! (1969-1978)[/COLOR][/B]" thumb="http://www.cartoonson.com/_resources/Cartoons/show/43/image/555x418/scooby-doo-where-are-you.jpg">ActivateWindow(10025,&quot;plugin://plugin.video.cartoonson/?description&amp;iconimage=http%3a%2f%2fwww.cartoonson.com%2f_resources%2fCartoons%2fshow%2f43%2fimage%2f555x418%2fscooby-doo-where-are-you.jpg&amp;mode=2&amp;name=%5bB%5d%5bCOLOR%20white%5dScooby-Doo%2c%20Where%20Are%20You!%20(1969-1978)%5b%2fCOLOR%5d%5b%2fB%5d&amp;url=http%3a%2f%2fwww.cartoonson.com%2fcartoons%2fview%2fid%2fscooby-doo-where-are-you-1969-1978&quot;,return)</favourite>
    <favourite name="[B][COLOR white]The Jetsons (1962-1963)[/COLOR][/B]" thumb="http://www.cartoonson.com/_resources/Cartoons/show/35/image/555x418/jetsons.jpg">ActivateWindow(10025,&quot;plugin://plugin.video.cartoonson/?description&amp;iconimage=http%3a%2f%2fwww.cartoonson.com%2f_resources%2fCartoons%2fshow%2f35%2fimage%2f555x418%2fjetsons.jpg&amp;mode=2&amp;name=%5bB%5d%5bCOLOR%20white%5dThe%20Jetsons%20(1962-1963)%5b%2fCOLOR%5d%5b%2fB%5d&amp;url=http%3a%2f%2fwww.cartoonson.com%2fcartoons%2fview%2fid%2fthe-jetsons-tv-series-1962-1963&quot;,return)</favourite>
    <favourite name="[B][COLOR white]The Smurfs (1981–1989)[/COLOR][/B]" thumb="http://www.cartoonson.com/_resources/Cartoons/show/19/image/555x418/The_Smurfs_1981.jpg">ActivateWindow(10025,&quot;plugin://plugin.video.cartoonson/?description&amp;iconimage=http%3a%2f%2fwww.cartoonson.com%2f_resources%2fCartoons%2fshow%2f19%2fimage%2f555x418%2fThe_Smurfs_1981.jpg&amp;mode=2&amp;name=%5bB%5d%5bCOLOR%20white%5dThe%20Smurfs%20(1981%e2%80%931989)%5b%2fCOLOR%5d%5b%2fB%5d&amp;url=http%3a%2f%2fwww.cartoonson.com%2fcartoons%2fview%2fid%2fthe-smurfs-tv-series-1981-1989&quot;,return)</favourite>
    <favourite name="[B][COLOR white]Tom &amp; Jerry Kids Show (1990-1994)[/COLOR][/B]" thumb="http://www.cartoonson.com/_resources/Cartoons/show/6/image/555x418/tom__Jerry_kids_show_.jpg">ActivateWindow(10025,&quot;plugin://plugin.video.cartoonson/?description&amp;iconimage=http%3a%2f%2fwww.cartoonson.com%2f_resources%2fCartoons%2fshow%2f6%2fimage%2f555x418%2ftom__Jerry_kids_show_.jpg&amp;mode=2&amp;name=%5bB%5d%5bCOLOR%20white%5dTom%20%26%20Jerry%20Kids%20Show%20(1990-1994)%5b%2fCOLOR%5d%5b%2fB%5d&amp;url=http%3a%2f%2fwww.cartoonson.com%2fcartoons%2fview%2fid%2ftom-and-jerry-kids-show-1990-1994&quot;,return)</favourite>
    <favourite name="[B][COLOR white]Tom and Jerry Tales[/COLOR][/B]" thumb="http://www.cartoonson.com/_resources/Cartoons/show/2/image/555x418/Tom-And-Jerry-Tales-all-volumes.jpg">ActivateWindow(10025,&quot;plugin://plugin.video.cartoonson/?description&amp;iconimage=http%3a%2f%2fwww.cartoonson.com%2f_resources%2fCartoons%2fshow%2f2%2fimage%2f555x418%2fTom-And-Jerry-Tales-all-volumes.jpg&amp;mode=2&amp;name=%5bB%5d%5bCOLOR%20white%5dTom%20and%20Jerry%20Tales%5b%2fCOLOR%5d%5b%2fB%5d&amp;url=http%3a%2f%2fwww.cartoonson.com%2fcartoons%2fview%2fid%2ftom-and-jerry-tales&quot;,return)</favourite>
    <favourite name="[B][COLOR white]Gravity Falls[/COLOR][/B]" thumb="http://www.cartoonson.com/_resources/Cartoons/show/20/image/555x418/gravity-falls.jpg">ActivateWindow(10025,&quot;plugin://plugin.video.cartoonson/?description&amp;iconimage=http%3a%2f%2fwww.cartoonson.com%2f_resources%2fCartoons%2fshow%2f20%2fimage%2f555x418%2fgravity-falls.jpg&amp;mode=2&amp;name=%5bB%5d%5bCOLOR%20white%5dGravity%20Falls%5b%2fCOLOR%5d%5b%2fB%5d&amp;url=http%3a%2f%2fwww.cartoonson.com%2fcartoons%2fview%2fid%2fgravity-falls-tv-series&quot;,return)</favourite>
    <favourite name="[B][COLOR white]Wile E. Coyote and The Road Runner[/COLOR][/B]" thumb="http://www.cartoonson.com/_resources/Cartoons/show/39/image/555x418/Wile_E._Coyote_and_The_Road_Runner.jpg">ActivateWindow(10025,&quot;plugin://plugin.video.cartoonson/?description&amp;iconimage=http%3a%2f%2fwww.cartoonson.com%2f_resources%2fCartoons%2fshow%2f39%2fimage%2f555x418%2fWile_E._Coyote_and_The_Road_Runner.jpg&amp;mode=2&amp;name=%5bB%5d%5bCOLOR%20white%5dWile%20E.%20Coyote%20and%20The%20Road%20Runner%5b%2fCOLOR%5d%5b%2fB%5d&amp;url=http%3a%2f%2fwww.cartoonson.com%2fcartoons%2fview%2fid%2fwile-e-coyote-and-the-road-runner&quot;,return)</favourite>
    <favourite name="[B][COLOR white]We Bare Bears[/COLOR][/B]" thumb="http://www.cartoonson.com/_resources/Cartoons/show/42/image/555x418/we-bare-bears.jpg">ActivateWindow(10025,&quot;plugin://plugin.video.cartoonson/?description&amp;iconimage=http%3a%2f%2fwww.cartoonson.com%2f_resources%2fCartoons%2fshow%2f42%2fimage%2f555x418%2fwe-bare-bears.jpg&amp;mode=2&amp;name=%5bB%5d%5bCOLOR%20white%5dWe%20Bare%20Bears%5b%2fCOLOR%5d%5b%2fB%5d&amp;url=http%3a%2f%2fwww.cartoonson.com%2fcartoons%2fview%2fid%2fwe-bare-bears-tv-series&quot;,return)</favourite>
    <favourite name="[B][COLOR white]Adventure Time[/COLOR][/B]" thumb="http://www.cartoonson.com/_resources/Cartoons/show/32/image/555x418/adventure-time.jpg">ActivateWindow(10025,&quot;plugin://plugin.video.cartoonson/?description&amp;iconimage=http%3a%2f%2fwww.cartoonson.com%2f_resources%2fCartoons%2fshow%2f32%2fimage%2f555x418%2fadventure-time.jpg&amp;mode=2&amp;name=%5bB%5d%5bCOLOR%20white%5dAdventure%20Time%5b%2fCOLOR%5d%5b%2fB%5d&amp;url=http%3a%2f%2fwww.cartoonson.com%2fcartoons%2fview%2fid%2fadventure-time-tv-series&quot;,return)</favourite>
    <favourite name="[B][COLOR white]The Marvelous Misadventures of Flapjack[/COLOR][/B]" thumb="http://www.cartoonson.com/_resources/Cartoons/show/30/image/555x418/the_marvelous_misadventures_of_flapjack.jpg">ActivateWindow(10025,&quot;plugin://plugin.video.cartoonson/?description&amp;iconimage=http%3a%2f%2fwww.cartoonson.com%2f_resources%2fCartoons%2fshow%2f30%2fimage%2f555x418%2fthe_marvelous_misadventures_of_flapjack.jpg&amp;mode=2&amp;name=%5bB%5d%5bCOLOR%20white%5dThe%20Marvelous%20Misadventures%20of%20Flapjack%5b%2fCOLOR%5d%5b%2fB%5d&amp;url=http%3a%2f%2fwww.cartoonson.com%2fcartoons%2fview%2fid%2fthe-marvelous-misadventures-of-flapjack&quot;,return)</favourite>
    <favourite name="[B][COLOR white]The Land Before Time Movies[/COLOR][/B]" thumb="http://www.cartoonson.com/_resources/Cartoons/show/11/image/555x418/the-land-before-time-movies.jpg">ActivateWindow(10025,&quot;plugin://plugin.video.cartoonson/?description&amp;iconimage=http%3a%2f%2fwww.cartoonson.com%2f_resources%2fCartoons%2fshow%2f11%2fimage%2f555x418%2fthe-land-before-time-movies.jpg&amp;mode=2&amp;name=%5bB%5d%5bCOLOR%20white%5dThe%20Land%20Before%20Time%20Movies%5b%2fCOLOR%5d%5b%2fB%5d&amp;url=http%3a%2f%2fwww.cartoonson.com%2fcartoons%2fview%2fid%2fthe-land-before-time-movies&quot;,return)</favourite>
    <favourite name="[B][COLOR white]Danny Phantom (2004-2007)[/COLOR][/B]" thumb="http://www.cartoonson.com/_resources/Cartoons/show/38/image/555x418/danny-phantom.jpg">ActivateWindow(10025,&quot;plugin://plugin.video.cartoonson/?description&amp;iconimage=http%3a%2f%2fwww.cartoonson.com%2f_resources%2fCartoons%2fshow%2f38%2fimage%2f555x418%2fdanny-phantom.jpg&amp;mode=2&amp;name=%5bB%5d%5bCOLOR%20white%5dDanny%20Phantom%20(2004-2007)%5b%2fCOLOR%5d%5b%2fB%5d&amp;url=http%3a%2f%2fwww.cartoonson.com%2fcartoons%2fview%2fid%2fdanny-phantom-tv-series-2004-2007&quot;,return)</favourite>
    <favourite name="[B][COLOR white]Sonic X (2003-2004)[/COLOR][/B]" thumb="http://www.cartoonson.com/_resources/Cartoons/show/37/image/555x418/Sonic.X..jpg">ActivateWindow(10025,&quot;plugin://plugin.video.cartoonson/?description&amp;iconimage=http%3a%2f%2fwww.cartoonson.com%2f_resources%2fCartoons%2fshow%2f37%2fimage%2f555x418%2fSonic.X..jpg&amp;mode=2&amp;name=%5bB%5d%5bCOLOR%20white%5dSonic%20X%20(2003-2004)%5b%2fCOLOR%5d%5b%2fB%5d&amp;url=http%3a%2f%2fwww.cartoonson.com%2fcartoons%2fview%2fid%2fsonic-x-tv-series-2003-2004&quot;,return)</favourite>
    <favourite name="[B][COLOR white]Justice League Unlimited (2004-2006)[/COLOR][/B]" thumb="http://www.cartoonson.com/_resources/Cartoons/show/29/image/555x418/justice-league-unlimited-1.jpg">ActivateWindow(10025,&quot;plugin://plugin.video.cartoonson/?description&amp;iconimage=http%3a%2f%2fwww.cartoonson.com%2f_resources%2fCartoons%2fshow%2f29%2fimage%2f555x418%2fjustice-league-unlimited-1.jpg&amp;mode=2&amp;name=%5bB%5d%5bCOLOR%20white%5dJustice%20League%20Unlimited%20(2004-2006)%5b%2fCOLOR%5d%5b%2fB%5d&amp;url=http%3a%2f%2fwww.cartoonson.com%2fcartoons%2fview%2fid%2fjustice-league-unlimited-2004-2006&quot;,return)</favourite>
    <favourite name="[B][COLOR white]Justice League (2001-2004)[/COLOR][/B]" thumb="http://www.cartoonson.com/_resources/Cartoons/show/28/image/555x418/Justice_League_TV_Series_20012004.jpg">ActivateWindow(10025,&quot;plugin://plugin.video.cartoonson/?description&amp;iconimage=http%3a%2f%2fwww.cartoonson.com%2f_resources%2fCartoons%2fshow%2f28%2fimage%2f555x418%2fJustice_League_TV_Series_20012004.jpg&amp;mode=2&amp;name=%5bB%5d%5bCOLOR%20white%5dJustice%20League%20(2001-2004)%5b%2fCOLOR%5d%5b%2fB%5d&amp;url=http%3a%2f%2fwww.cartoonson.com%2fcartoons%2fview%2fid%2fjustice-league-tv-series-2001-2004&quot;,return)</favourite>
    <favourite name="[B][COLOR white]Steven Universe[/COLOR][/B]" thumb="http://www.cartoonson.com/_resources/Cartoons/show/26/image/555x418/Steven_Universe-all_characters.jpg">ActivateWindow(10025,&quot;plugin://plugin.video.cartoonson/?description&amp;iconimage=http%3a%2f%2fwww.cartoonson.com%2f_resources%2fCartoons%2fshow%2f26%2fimage%2f555x418%2fSteven_Universe-all_characters.jpg&amp;mode=2&amp;name=%5bB%5d%5bCOLOR%20white%5dSteven%20Universe%5b%2fCOLOR%5d%5b%2fB%5d&amp;url=http%3a%2f%2fwww.cartoonson.com%2fcartoons%2fview%2fid%2fsteven-universe-tv-series&quot;,return)</favourite>
    <favourite name="[B][COLOR white]Maggie and the Ferocious Beast[/COLOR][/B]" thumb="http://www.cartoonson.com/_resources/Cartoons/show/24/image/555x418/Maggie_and_the_Ferocious_Beast1.jpg">ActivateWindow(10025,&quot;plugin://plugin.video.cartoonson/?description&amp;iconimage=http%3a%2f%2fwww.cartoonson.com%2f_resources%2fCartoons%2fshow%2f24%2fimage%2f555x418%2fMaggie_and_the_Ferocious_Beast1.jpg&amp;mode=2&amp;name=%5bB%5d%5bCOLOR%20white%5dMaggie%20and%20the%20Ferocious%20Beast%5b%2fCOLOR%5d%5b%2fB%5d&amp;url=http%3a%2f%2fwww.cartoonson.com%2fcartoons%2fview%2fid%2fmaggie-and-the-ferocious-beast-tv-series&quot;,return)</favourite>
</favourites>