<favourites> 
	<favourite name="[COLOR red]-- Cerebro TV Porn Section --[/COLOR]" thumb="special://home/addons/23.png">NOTHING</favourite>
    <favourite name="Ultimate Whitecream" thumb="special://home/addons/plugin.video.uwc\icon.png">RunAddon(plugin.video.uwc)</favourite>
    <favourite name="4K Porn">ActivateWindow(10025,&quot;plugin://plugin.video.playlistLoader/?cache=0&amp;iconimage&amp;logos&amp;mode=2&amp;name=%5bXXX%5d&amp;url=https%3a%2f%2fraw.githubusercontent.com%2fbiglad%2fBUILDONLY%2fmaster%2fconfigs%2fa1.m3u&quot;,return)</favourite>
    <favourite name="YouPorn" thumb="special://home/addons/plugin.video.youporn\icon.png">RunAddon(plugin.video.youporn)</favourite>
	<favourite name="XXX-O-DUS" thumb="https://raw.githubusercontent.com/biglad/CerebroTVRepo/master/zips/plugin.video.xxx-o-dus/icon.png">RunAddon(plugin.video.xxx-o-dus)</favourite>
	<favourite name="Miami TV" thumb="http://cypher-media.com/miami/LOGOMIAMITVNEW300.png">ActivateWindow(10025,&quot;plugin://plugin.video.ProjectCypher/?action=directory&amp;content=addons&amp;url=http%3a%2f%2fcypher-media.com%2fcypher%2fmiami.xml&quot;,return)</favourite>
	<favourite name="Full Legnth Adult Movies">ActivateWindow(10025,&quot;plugin://plugin.video.Showbox/?mode=26&amp;name=Adult&amp;url=http%3a%2f%2fvidics.unblocked.pl%2fCategory-Movies%2fGenre-adult%2fLetter-Any%2fLatestFirst%2f1.htm&quot;,return)</favourite>
</favourites>