<favourites>
	<favourite name="A&amp;E" thumb="C:\Users\bigla\AppData\Roaming\Kodi\addons\plugin.video.castaway/resources/media/arconai.png">PlayMedia(&quot;plugin://plugin.video.castaway/?play=True&amp;img=C%3A%5CUsers%5Cbigla%5CAppData%5CRoaming%5CKodi%5Caddons%5Cplugin.video.castaway%2Fresources%2Fmedia%2Farconai.png&amp;title=A%26%23038%3BE&amp;url=%2Fwww.arconaitv.me%2Fae%2F&amp;site=arconai&amp;mode=play_special&quot;)</favourite>
    <favourite name="ABC" thumb="C:\Users\bigla\AppData\Roaming\Kodi\addons\plugin.video.castaway/resources/media/arconai.png">PlayMedia(&quot;plugin://plugin.video.castaway/?play=True&amp;img=C%3A%5CUsers%5Cbigla%5CAppData%5CRoaming%5CKodi%5Caddons%5Cplugin.video.castaway%2Fresources%2Fmedia%2Farconai.png&amp;title=ABC&amp;url=%2Fwww.arconaitv.me%2Fabcde%2F&amp;site=arconai&amp;mode=play_special&quot;)</favourite>
    <favourite name="Animal Planet" thumb="C:\Users\bigla\AppData\Roaming\Kodi\addons\plugin.video.castaway/resources/media/arconai.png">PlayMedia(&quot;plugin://plugin.video.castaway/?play=True&amp;img=C%3A%5CUsers%5Cbigla%5CAppData%5CRoaming%5CKodi%5Caddons%5Cplugin.video.castaway%2Fresources%2Fmedia%2Farconai.png&amp;title=Animal+Planet&amp;url=%2Fwww.arconaitv.me%2Fap%2F&amp;site=arconai&amp;mode=play_special&quot;)</favourite>
    <favourite name="BravoTv" thumb="C:\Users\bigla\AppData\Roaming\Kodi\addons\plugin.video.castaway/resources/media/arconai.png">PlayMedia(&quot;plugin://plugin.video.castaway/?play=True&amp;img=C%3A%5CUsers%5Cbigla%5CAppData%5CRoaming%5CKodi%5Caddons%5Cplugin.video.castaway%2Fresources%2Fmedia%2Farconai.png&amp;title=BravoTv&amp;url=%2Fwww.arconaitv.me%2Fbraveotv%2F&amp;site=arconai&amp;mode=play_special&quot;)</favourite>
    <favourite name="CBS" thumb="C:\Users\bigla\AppData\Roaming\Kodi\addons\plugin.video.castaway/resources/media/arconai.png">PlayMedia(&quot;plugin://plugin.video.castaway/?play=True&amp;img=C%3A%5CUsers%5Cbigla%5CAppData%5CRoaming%5CKodi%5Caddons%5Cplugin.video.castaway%2Fresources%2Fmedia%2Farconai.png&amp;title=CBS&amp;url=%2Fwww.arconaitv.me%2Fceebees%2F&amp;site=arconai&amp;mode=play_special&quot;)</favourite>
    <favourite name="CNBC" thumb="C:\Users\bigla\AppData\Roaming\Kodi\addons\plugin.video.castaway/resources/media/arconai.png">PlayMedia(&quot;plugin://plugin.video.castaway/?play=True&amp;img=C%3A%5CUsers%5Cbigla%5CAppData%5CRoaming%5CKodi%5Caddons%5Cplugin.video.castaway%2Fresources%2Fmedia%2Farconai.png&amp;title=CNBC&amp;url=%2Fwww.arconaitv.me%2Fseenbeesee%2F&amp;site=arconai&amp;mode=play_special&quot;)</favourite>
    <favourite name="Comedy Central" thumb="C:\Users\bigla\AppData\Roaming\Kodi\addons\plugin.video.castaway/resources/media/arconai.png">PlayMedia(&quot;plugin://plugin.video.castaway/?play=True&amp;img=C%3A%5CUsers%5Cbigla%5CAppData%5CRoaming%5CKodi%5Caddons%5Cplugin.video.castaway%2Fresources%2Fmedia%2Farconai.png&amp;title=Comedy+Central&amp;url=%2Fwww.arconaitv.me%2Fcc%2F&amp;site=arconai&amp;mode=play_special&quot;)</favourite>
    <favourite name="Discovery Channel" thumb="C:\Users\bigla\AppData\Roaming\Kodi\addons\plugin.video.castaway/resources/media/arconai.png">PlayMedia(&quot;plugin://plugin.video.castaway/?play=True&amp;img=C%3A%5CUsers%5Cbigla%5CAppData%5CRoaming%5CKodi%5Caddons%5Cplugin.video.castaway%2Fresources%2Fmedia%2Farconai.png&amp;title=Discovery+Channel&amp;url=%2Fwww.arconaitv.me%2Fdisco%2F&amp;site=arconai&amp;mode=play_special&quot;)</favourite>
    <favourite name="ESPN" thumb="C:\Users\bigla\AppData\Roaming\Kodi\addons\plugin.video.castaway/resources/media/arconai.png">PlayMedia(&quot;plugin://plugin.video.castaway/?play=True&amp;img=C%3A%5CUsers%5Cbigla%5CAppData%5CRoaming%5CKodi%5Caddons%5Cplugin.video.castaway%2Fresources%2Fmedia%2Farconai.png&amp;title=ESPN&amp;url=%2Fwww.arconaitv.me%2Fsports%2F&amp;site=arconai&amp;mode=play_special&quot;)</favourite>
    <favourite name="Fox News" thumb="C:\Users\bigla\AppData\Roaming\Kodi\addons\plugin.video.castaway/resources/media/arconai.png">PlayMedia(&quot;plugin://plugin.video.castaway/?play=True&amp;img=C%3A%5CUsers%5Cbigla%5CAppData%5CRoaming%5CKodi%5Caddons%5Cplugin.video.castaway%2Fresources%2Fmedia%2Farconai.png&amp;title=Fox+News&amp;url=%2Fwww.arconaitv.me%2Ffn%2F&amp;site=arconai&amp;mode=play_special&quot;)</favourite>
    <favourite name="Fx" thumb="C:\Users\bigla\AppData\Roaming\Kodi\addons\plugin.video.castaway/resources/media/arconai.png">PlayMedia(&quot;plugin://plugin.video.castaway/?play=True&amp;img=C%3A%5CUsers%5Cbigla%5CAppData%5CRoaming%5CKodi%5Caddons%5Cplugin.video.castaway%2Fresources%2Fmedia%2Farconai.png&amp;title=Fx&amp;url=%2Fwww.arconaitv.me%2Ffx%2F&amp;site=arconai&amp;mode=play_special&quot;)</favourite>
    <favourite name="Lifetime" thumb="C:\Users\bigla\AppData\Roaming\Kodi\addons\plugin.video.castaway/resources/media/arconai.png">PlayMedia(&quot;plugin://plugin.video.castaway/?play=True&amp;img=C%3A%5CUsers%5Cbigla%5CAppData%5CRoaming%5CKodi%5Caddons%5Cplugin.video.castaway%2Fresources%2Fmedia%2Farconai.png&amp;title=Lifetime&amp;url=%2Fwww.arconaitv.me%2Flt%2F&amp;site=arconai&amp;mode=play_special&quot;)</favourite>
    <favourite name="NBC" thumb="C:\Users\bigla\AppData\Roaming\Kodi\addons\plugin.video.castaway/resources/media/arconai.png">PlayMedia(&quot;plugin://plugin.video.castaway/?play=True&amp;img=C%3A%5CUsers%5Cbigla%5CAppData%5CRoaming%5CKodi%5Caddons%5Cplugin.video.castaway%2Fresources%2Fmedia%2Farconai.png&amp;title=NBC&amp;url=%2Fwww.arconaitv.me%2Fnnnbsee%2F&amp;site=arconai&amp;mode=play_special&quot;)</favourite>
    <favourite name="National Geographic" thumb="C:\Users\bigla\AppData\Roaming\Kodi\addons\plugin.video.castaway/resources/media/arconai.png">PlayMedia(&quot;plugin://plugin.video.castaway/?play=True&amp;img=C%3A%5CUsers%5Cbigla%5CAppData%5CRoaming%5CKodi%5Caddons%5Cplugin.video.castaway%2Fresources%2Fmedia%2Farconai.png&amp;title=National+Geographic&amp;url=%2Fwww.arconaitv.me%2Fng%2F&amp;site=arconai&amp;mode=play_special&quot;)</favourite>
    <favourite name="Spike Tv" thumb="C:\Users\bigla\AppData\Roaming\Kodi\addons\plugin.video.castaway/resources/media/arconai.png">PlayMedia(&quot;plugin://plugin.video.castaway/?play=True&amp;img=C%3A%5CUsers%5Cbigla%5CAppData%5CRoaming%5CKodi%5Caddons%5Cplugin.video.castaway%2Fresources%2Fmedia%2Farconai.png&amp;title=Spike+Tv&amp;url=%2Fwww.arconaitv.me%2Fpointytv%2F&amp;site=arconai&amp;mode=play_special&quot;)</favourite>
    <favourite name="SyFy" thumb="C:\Users\bigla\AppData\Roaming\Kodi\addons\plugin.video.castaway/resources/media/arconai.png">PlayMedia(&quot;plugin://plugin.video.castaway/?play=True&amp;img=C%3A%5CUsers%5Cbigla%5CAppData%5CRoaming%5CKodi%5Caddons%5Cplugin.video.castaway%2Fresources%2Fmedia%2Farconai.png&amp;title=SyFy&amp;url=%2Fwww.arconaitv.me%2Fsify%2F&amp;site=arconai&amp;mode=play_special&quot;)</favourite>
    <favourite name="TBS" thumb="C:\Users\bigla\AppData\Roaming\Kodi\addons\plugin.video.castaway/resources/media/arconai.png">PlayMedia(&quot;plugin://plugin.video.castaway/?play=True&amp;img=C%3A%5CUsers%5Cbigla%5CAppData%5CRoaming%5CKodi%5Caddons%5Cplugin.video.castaway%2Fresources%2Fmedia%2Farconai.png&amp;title=TBS&amp;url=%2Fwww.arconaitv.me%2Fteabees%2F&amp;site=arconai&amp;mode=play_special&quot;)</favourite>
    <favourite name="TNTUSA" thumb="C:\Users\bigla\AppData\Roaming\Kodi\addons\plugin.video.castaway/resources/media/arconai.png">PlayMedia(&quot;plugin://plugin.video.castaway/?play=True&amp;img=C%3A%5CUsers%5Cbigla%5CAppData%5CRoaming%5CKodi%5Caddons%5Cplugin.video.castaway%2Fresources%2Fmedia%2Farconai.png&amp;title=TNTUSA&amp;url=%2Fwww.arconaitv.me%2Fteentee%2F&amp;site=arconai&amp;mode=play_special&quot;)</favourite>
    <favourite name="The CW" thumb="C:\Users\bigla\AppData\Roaming\Kodi\addons\plugin.video.castaway/resources/media/arconai.png">PlayMedia(&quot;plugin://plugin.video.castaway/?play=True&amp;img=C%3A%5CUsers%5Cbigla%5CAppData%5CRoaming%5CKodi%5Caddons%5Cplugin.video.castaway%2Fresources%2Fmedia%2Farconai.png&amp;title=The+CW&amp;url=%2Fwww.arconaitv.me%2Ftcw%2F&amp;site=arconai&amp;mode=play_special&quot;)</favourite>
    <favourite name="USA Network" thumb="C:\Users\bigla\AppData\Roaming\Kodi\addons\plugin.video.castaway/resources/media/arconai.png">PlayMedia(&quot;plugin://plugin.video.castaway/?play=True&amp;img=C%3A%5CUsers%5Cbigla%5CAppData%5CRoaming%5CKodi%5Caddons%5Cplugin.video.castaway%2Fresources%2Fmedia%2Farconai.png&amp;title=USA+Network&amp;url=%2Fwww.arconaitv.me%2Fusan%2F&amp;site=arconai&amp;mode=play_special&quot;)</favourite>
    <favourite name="[COLOR lightblue][B]United States[/B][/COLOR]" thumb="https://www.dropbox.com/s/7n19lt47ek6qvu1/United%20States%20Flag.png?dl=1">ActivateWindow(10025,&quot;plugin://plugin.video.ultraiptv/?fanart=https%3a%2f%2fwww.dropbox.com%2fs%2fdkkxw4mith082qa%2fWallpaper.jpg%3fdl%3d1&amp;mode=1&amp;name=%5bCOLOR%20lightblue%5d%5bB%5dUnited%20States%5b%2fB%5d%5b%2fCOLOR%5d&amp;url=http%3a%2f%2fultratv.net16.net%2fiptvserver%2fusaiptv1.xml&quot;,return)</favourite><favourite name="SKY MOVIES" thumb="http://i.imgur.com/slFD6LE.jpg?1">ActivateWindow(10025,&quot;plugin://plugin.video.mushquisports/?fanart=http%3a%2f%2fgen-tec.co%2fgentecwiz%2fskin%2520pics%2fskychbskymovies.jpg&amp;mode=1&amp;name=SKY%20MOVIES&amp;url=https%3a%2f%2fgoo.gl%2f0GccYf&quot;,return)</favourite>
    <favourite name="[COLOR aqua][B]     4K - Compressed[/B][/COLOR]" thumb="http://mwiz.co.uk/merlinaddons/icons/4k.jpg">ActivateWindow(10025,&quot;plugin://plugin.video.projectm/?fanart=http%3a%2f%2fmwiz.co.uk%2fmerlinaddons%2ffanart%2ffanart.jpg&amp;mode=1&amp;name=%5bCOLOR%20aqua%5d%5bB%5d%20%20%20%20%204K%20-%20Compressed%5b%2fB%5d%5b%2fCOLOR%5d&amp;url=http%3a%2f%2fmwiz.co.uk%2fmerlinaddons%2ftextfiles%2f4k.xml&quot;,return)</favourite>
    <favourite name="[COLOR lightblue][B]United Kingdom[/B][/COLOR]" thumb="https://www.dropbox.com/s/4pp3f3q6pug2xwc/United%20Kingdom%20Flag.png?dl=1">ActivateWindow(10025,&quot;plugin://plugin.video.ultraiptv/?fanart=https%3a%2f%2fwww.dropbox.com%2fs%2fdkkxw4mith082qa%2fWallpaper.jpg%3fdl%3d1&amp;mode=1&amp;name=%5bCOLOR%20lightblue%5d%5bB%5dUnited%20Kingdom%5b%2fB%5d%5b%2fCOLOR%5d&amp;url=http%3a%2f%2fultratv.net16.net%2fiptvserver%2fukiptv1.xml&quot;,return)</favourite>
    <favourite name="[COLOR red]Sport[/COLOR]" thumb="http://ichef.bbci.co.uk/onesport/cps/480/cpsprodpb/11890/production/_91942817_motd_centre_2-00155.jpg">ActivateWindow(10025,&quot;plugin://plugin.video.superemacy/?fanart=http%3a%2f%2fwww.stephen-builds.co.uk%2fwizard%2ffanart12.jpg&amp;mode=1&amp;name=%5bCOLOR%20red%5dSport%5b%2fCOLOR%5d&amp;url=https%3a%2f%2fgoo.gl%2fxMuS8w&quot;,return)</favourite>
    <favourite name="TV Shows" thumb="http://phoenixtv.offshorepastebin.com/art/tv/tv%20icon4A.png">ActivateWindow(10025,&quot;plugin://plugin.video.phstreams/?action=directory&amp;content=0&amp;url=http%3a%2f%2fphoenixtv.offshorepastebin.com%2ftv%2ftvshows.xml&quot;,return)</favourite>
    <favourite name="New Releases" thumb="http://norestrictions.club/norestrictions.club/blue/icons/Bob/NewReleases.jpg">ActivateWindow(10025,&quot;plugin://plugin.video.bob/?action=directory&amp;content=0&amp;url=http%3a%2f%2fnorestrictions.club%2fnorestrictions.club%2fmain%2fnewreleases.xml&quot;,return)</favourite>
    <favourite name="UK AND USA" thumb="http://swiftstreamz.com/SwiftStream/images/thumbs/59895_ukusa.jpg|User-Agent=Dalvik/2.1.0 (Linux; U; Android 6.0.1; SM-T715 Build/MMB29K)&amp;Host=swiftstreamz.com&amp;Accept-Encoding=gzip&amp;Connection=Keep-Alive">ActivateWindow(10025,&quot;plugin://plugin.video.gobble/?iconimage=http%3a%2f%2fswiftstreamz.com%2fSwiftStream%2fimages%2fthumbs%2f59895_ukusa.jpg%7cUser-Agent%3dDalvik%2f2.1.0%20(Linux%3b%20U%3b%20Android%206.0.1%3b%20SM-T715%20Build%2fMMB29K)%26Host%3dswiftstreamz.com%26Accept-Encoding%3dgzip%26Connection%3dKeep-Alive&amp;mode=1&amp;name=UK%20AND%20USA&amp;url=http%3a%2f%2fswiftstreamz.com%2fSwiftStream%2fapi.php%3fcat_id%3d42&quot;,return)</favourite>
    <favourite name="[COLOR dodgerblue][B]UK LIST[/B][/COLOR]" thumb="http://imgur.com/CumeftW.jpg">ActivateWindow(10025,&quot;plugin://plugin.video.sportie/?fanart=http%3a%2f%2fimgur.com%2fH1VRCLn.jpg&amp;iconimage=http%3a%2f%2fimgur.com%2fCumeftW.jpg&amp;mode=10&amp;name=%5bCOLOR%20dodgerblue%5d%5bB%5dUK%20LIST%5b%2fB%5d%5b%2fCOLOR%5d&amp;url=http%3a%2f%2fexabytetv.info%2fUK.m3u&quot;,return)</favourite>
    <favourite name="Live Events" thumb="http://kodeekrazy.net/PROLOGIC/live%20events%20thumb.jpg">ActivateWindow(10025,&quot;plugin://plugin.video.sanctuary/?fanart=http%3a%2f%2fkodeeresurrection.com%2fLILYSPORTStxts%2fliveeventsbg.jpg&amp;mode=1101&amp;name=Live%20Events&amp;url=http%3a%2f%2fkodeeresurrection.com%2fLILYSPORTStxts%2fLiveEvents.txt&quot;,return)</favourite>
    <favourite name="[COLOR white]4K[/COLOR]" thumb="https://archive.org/download/mammothbuild_gmail_4k/4k.png">ActivateWindow(10025,&quot;plugin://plugin.video.silenthunter/?fanart=http%3a%2f%2fsilentstream.srve.io%2fsilenthunter%2fmain%2f4kbackground.jpg&amp;mode=1&amp;name=%5bCOLOR%20white%5d4K%5b%2fCOLOR%5d&amp;url=http%3a%2f%2fsilentstream.srve.io%2fsilenthunter%2fmain%2f4k.xml&quot;,return)</favourite>
    <favourite name="[B][COLOR snow]4K-MOVIES[/COLOR][/B]" thumb="http://i.imgur.com/FEOkgG6.jpg">ActivateWindow(10025,&quot;plugin://plugin.video.real-movies/?description&amp;fanart=http%3a%2f%2fi.imgur.com%2fNfxpdRg.jpg&amp;mode=1&amp;name=%5bB%5d%5bCOLOR%20snow%5d4K-MOVIES%5b%2fCOLOR%5d%5b%2fB%5d&amp;url=http%3a%2f%2fkodimadman.site88.net%2faddons%2freal-movies%2fcontent%2fXMLS%2f4kMovies.xml&quot;,return)</favourite>
    <favourite name="Channels" thumb="C:\Users\bigla\AppData\Roaming\Kodi\addons\script.zen.artwork\resources\media\zen\channels.png">ActivateWindow(10025,&quot;plugin://plugin.video.zen/?action=channels&quot;,return)</favourite>
    <favourite name="Channels" thumb="C:\Users\bigla\AppData\Roaming\Kodi\addons\script.exodus.artwork\resources\media\exodus\channels.png">ActivateWindow(10025,&quot;plugin://plugin.video.exodus/?action=channels&quot;,return)</favourite>
    <favourite name="Channels" thumb="C:\Users\bigla\AppData\Roaming\Kodi\addons\script.specto.media\resources\media\gone\channels.jpg">ActivateWindow(10025,&quot;plugin://plugin.video.specto/?action=channels&quot;,return)</favourite>
    <favourite name="sky movies" thumb="special://home/addons\plugin.video.sanctuary\icon.png">ActivateWindow(10025,&quot;plugin://plugin.video.sanctuary/?description&amp;extra=OLD&amp;fanart=C%3a%5cUsers%5cbigla%5cAppData%5cRoaming%5cKodi%5caddons%5cplugin.video.sanctuary%5cfanart.jpg&amp;iconimage=C%3a%5cUsers%5cbigla%5cAppData%5cRoaming%5cKodi%5caddons%5cplugin.video.sanctuary%5cicon.png&amp;mode=1501&amp;name=sky%20movies&amp;url=Live%20TV&quot;,return)</favourite>
    <favourite name="New Releases" thumb="http://217.182.69.114/~bob/norestrictions.club/blue/icons/Bob/NewReleases.jpg">ActivateWindow(10025,&quot;plugin://plugin.video.bob/?action=directory&amp;content=0&amp;url=http%3a%2f%2f217.182.69.114%2f%7ebob%2fnorestrictions.club%2fmain%2fnewreleases.xml&quot;,return)</favourite>
    <favourite name="[COLORcyan]Click For New Kids Movies[/COLOR]" thumb="http://217.182.69.114/~bob/norestrictions.club/arb/pics/kidsnew.jpg">ActivateWindow(10025,&quot;plugin://plugin.video.bob/?action=directory&amp;content=0&amp;url=http%3a%2f%2f217.182.69.114%2f%7ebob%2fnorestrictions.club%2fmain%2fkidsnewrelease.xml&quot;,return)</favourite>
    <favourite name="[COLOR red]IPTV UK[/COLOR]  [COLOR white]server 1[/COLOR]" thumb="http://ajbuilds.uk/art/IPTV-WORLD%5B1%5D.jpg">ActivateWindow(10025,&quot;plugin://plugin.video.falcmov/?fanart=http%3a%2f%2fajbuilds.uk%2fart%2ffalconblue.jpg&amp;mode=1&amp;name=%5bCOLOR%20red%5dIPTV%20UK%5b%2fCOLOR%5d%20%20%5bCOLOR%20white%5dserver%201%5b%2fCOLOR%5d&amp;url=http%3a%2f%2fajbuilds.uk%2ffalcon%2fiptvuk.xml&quot;,return)</favourite>
    <favourite name="Channels" thumb="C:\Users\bigla\AppData\Roaming\Kodi\addons\script.zen.artwork\resources\media\zen\channels.png">ActivateWindow(10025,&quot;plugin://plugin.video.zen/?action=channels&quot;,return)</favourite>
    <favourite name="Channels" thumb="C:\Users\bigla\AppData\Roaming\Kodi\addons\script.exodus.artwork\resources\media\exodus\channels.png">ActivateWindow(10025,&quot;plugin://plugin.video.exodus/?action=channels&quot;,return)</favourite>
    <favourite name="Sky One" thumb="http://geekpeaksoftware.com/wp-content/uploads/2016/10/mobdro.png">PlayMedia(&quot;plugin://script.module.streamhub/?url=mpd://ebcd8ef93fa99c4834d0cc3275f3dcd7.m3u8&amp;mode=94&amp;name=Sky+One&amp;iconimage=http%3A%2F%2Fgeekpeaksoftware.com%2Fwp-content%2Fuploads%2F2016%2F10%2Fmobdro.png&amp;description=&quot;)</favourite>
</favourites> 