<?xml version="1.0" encoding="UTF-8" standalone="yes"?>
<addon id="script.showboxarize2.artwork" version="1.0.9" name="Cerebro ShowBox Artwork" provider-name="biglad">
	<requires>
		<import addon="xbmc.python" version="2.19.0"/>
	</requires>
	<extension point="xbmc.python.module" library="lib" />
	<extension point="xbmc.addon.metadata">
		<summary>Themes for the Cerebro ShowBox Addon</summary>
		<description>Themes for Cerebro ShowBox are maintained separately to make distribution of the the addon itself easier/faster.</description>
		<platform>all</platform>
	</extension>
</addon>
