<?xml version="1.0" encoding="UTF-8"?>
<!--suppress ALL -->
<addon id="plugin.video.cererbrooneclickbase" version="1.0.17" name="Cerebro HD Movies Core" provider-name="Biglad">
    <requires>
        <import addon="xbmc.python" version="2.1.0"/>
        <import addon="script.module.urlresolver" version="2.2.0"/>
        <import addon="script.module.cerebro1cm"/>
		<import addon="script.module.requests" />
		<import addon="script.cerebro.pairwith" />
		<import addon="script.cerebro.pairwith.laucnher" />
		<import addon="script.cerebro.backend" />
    </requires>
    <extension point="xbmc.python.pluginsource" library="default.py">
        <provides>image</provides>
    </extension>
    <extension point="xbmc.addon.metadata">
        <summary>Cerebro One Click HD Movies</summary>
        <description></description>
        <platform>all</platform>
	</extension>
</addon>
