<favourites> 
	<favourite name="[COLOR red]--FIRE PLACE VIDEOS --------------------------[/COLOR]" thumb="special://home/addons/23.png">NOTHING</favourite>
    <favourite name="4K Relaxing Fireplace with Crackling Fire Sounds 🔥 - No Music - 4K UHD - 2 Hours Screensaver" thumb="https://i.ytimg.com/vi/bmGsQkLb4yg/hqdefault.jpg">PlayMedia(&quot;plugin://plugin.video.youtube/play/?video_id=bmGsQkLb4yg&quot;)</favourite>
    <favourite name="4K Realtime Fireplace - Relaxing Fire Burning Video - 3 Hours - No Loop - Ultra HD - 2160p" thumb="https://i.ytimg.com/vi/Ux8xAuQBdkk/hqdefault.jpg">PlayMedia(&quot;plugin://plugin.video.youtube/play/?video_id=Ux8xAuQBdkk&quot;)</favourite>
    <favourite name="4K Relaxing Fireplace &amp; The Best Instrumental Christmas Music &amp; Crackling Fire Sounds 🔥 UHD 2 Hours" thumb="https://i.ytimg.com/vi/iGwawktAMRg/hqdefault.jpg">PlayMedia(&quot;plugin://plugin.video.youtube/play/?video_id=iGwawktAMRg&quot;)</favourite>
    <favourite name="4K Relaxing Fireplace &amp; The Best Instrumental Christmas Music &amp; Crackling Fire Sounds 🔥 UHD 2 Hours" thumb="https://i.ytimg.com/vi/mkFVVQrA2ys/hqdefault.jpg">PlayMedia(&quot;plugin://plugin.video.youtube/play/?video_id=mkFVVQrA2ys&quot;)</favourite>
    <favourite name="Fireplace - romantic - Full HD and 4K - 2 hours crackling logs Valentine&apos;s Day - Love" thumb="https://i.ytimg.com/vi/ZW6NmUsok2c/hqdefault.jpg">PlayMedia(&quot;plugin://plugin.video.youtube/play/?video_id=ZW6NmUsok2c&quot;)</favourite>
    <favourite name="Christmas Fireplace Scene with Crackling Fire Sounds (6 hours)" thumb="https://i.ytimg.com/vi/geDhhWvl1II/hqdefault.jpg">PlayMedia(&quot;plugin://plugin.video.youtube/play/?video_id=geDhhWvl1II&quot;)</favourite>
    <favourite name="Burning Fireplace with Crackling Fire Sounds (Full HD)" thumb="https://i.ytimg.com/vi/0fYL_qiDYf0/hqdefault.jpg">PlayMedia(&quot;plugin://plugin.video.youtube/play/?video_id=0fYL_qiDYf0&quot;)</favourite>
    <favourite name="10 Hours of a Fireplace Burning HD" thumb="https://i.ytimg.com/vi/rjKyHNtJKNk/hqdefault.jpg">PlayMedia(&quot;plugin://plugin.video.youtube/play/?video_id=rjKyHNtJKNk&quot;)</favourite>
</favourites>