<?xml version='1.0' encoding='UTF-8'?>
<shortcuts>
	<shortcut>
		<defaultID>script.tvguidemegatvbox</defaultID>
		<label>[B]Live TV[/B]</label>
		<label2>Custom item</label2>
		<icon>DefaultAddon.png</icon>
		<thumb>special://home/userdata/addon_data/skin.titan/hometiles/livetv.png</thumb>
		<action>RunAddon(script.tvguidemegatvbox,return)</action>
	</shortcut>
	<shortcut>
		<defaultID>script.moviesmegatvbox</defaultID>
		<label>[B]Movies on Demand[/B]</label>
		<label2>Custom item</label2>
		<icon>DefaultAddon.png</icon>
		<thumb>special://home/userdata/addon_data/skin.titan/hometiles/movies.png</thumb>
		<action>ActivateWindow(10025,"plugin://plugin.video.wargames/?action=directory&amp;content=0&amp;url=https%3a%2f%2fraw.githubusercontent.com%2fbiglad%2fCerebroTVRepo%2fmaster%2fconfigs%2fvod-movies.xml",return)</action>
	</shortcut>
	<shortcut>
		<defaultID>script.tvshowsmegatvbox</defaultID>
		<label>[B]TV on Demand[/B]</label>
		<label2>Custom item</label2>
		<icon>DefaultAddon.png</icon>
		<thumb>special://home/userdata/addon_data/skin.titan/hometiles/tv.png</thumb>
		<action>ActivateWindow(10025,"plugin://plugin.video.wargames/?action=directory&amp;content=0&amp;url=https%3a%2f%2fraw.githubusercontent.com%2fbiglad%2fCerebroTVRepo%2fmaster%2fconfigs%2fvod-tv.xml",return)</action>
	</shortcut>
	<shortcut>
		<defaultID>script.mtvbsports</defaultID>
		<label>[B]Live Sports &amp; Replays[/B]</label>
		<label2>Custom item</label2>
		<icon>DefaultAddon.png</icon>
		<thumb>special://home/userdata/addon_data/skin.titan/hometiles/sports.png</thumb>
		<action>ActivateWindow(10025,"plugin://plugin.video.wargames/?action=directory&amp;content=addons&amp;url=https%3a%2f%2fraw.githubusercontent.com%2fbiglad%2fCerebroTVRepo%2fmaster%2fconfigs%2fsports.xml",return)</action>
	</shortcut>
	<shortcut>
		<defaultID>script.mtvbfitness</defaultID>
		<label>[B]Kids Corner[/B]</label>
		<label2>Custom item</label2>
		<icon>DefaultAddon.png</icon>
		<thumb>special://profile/addon_data/skin.titan/custom_images/CustomBackgroundSetting20171029191438.png</thumb>
		<action>ActivateWindow(10025,"plugin://plugin.video.wargames/?action=directory&amp;content=addons&amp;url=https%3a%2f%2fraw.githubusercontent.com%2fbiglad%2fCerebroTVRepo%2fmaster%2fconfigs%2fKids.xml",return)</action>
	</shortcut>
	<shortcut>
		<defaultID>script.mtvbcctv</defaultID>
		<label>[B]24/7 TV &amp; Movies[/B]</label>
		<label2>Custom item</label2>
		<icon>DefaultAddon.png</icon>
		<thumb>special://profile/addon_data/skin.titan/custom_images/CustomBackgroundSetting20171031102752.png</thumb>
		<action>ActivateWindow(10025,"plugin://plugin.video.wargames/?action=directory&amp;content=addons&amp;url=https%3a%2f%2fraw.githubusercontent.com%2fbiglad%2fCerebroTVRepo%2fmaster%2fconfigs%2f247menu.xml",return)</action>
	</shortcut>
	<shortcut>
		<defaultID>b-colorgold-cerebrotv-color-colorred-musicsection-color-b</defaultID>
		<label>[B]Music Section[/B]</label>
		<label2>Favourite</label2>
		<icon>DefaultFolder.png</icon>
		<thumb>special://home/addons/resource.images.skinicons.wide/resources/radio.png</thumb>
		<action>ActivateWindow(10025,"plugin://plugin.video.wargames/?action=directory&amp;content=addons&amp;url=https%3a%2f%2fraw.githubusercontent.com%2fbiglad%2fCerebroTVRepo%2fmaster%2fconfigs%2fmusic.xml",return)</action>
	</shortcut>
	<shortcut>
		<defaultID>script.mtvbgamelauncher</defaultID>
		<label>[B]Play Retro Games[/B]</label>
		<label2>Custom item</label2>
		<icon>DefaultAddon.png</icon>
		<thumb>special://home/userdata/addon_data/skin.titan/hometiles/games.png</thumb>
		<action>ActivateWindow(10025,"plugin://plugin.video.wargames/?action=directory&amp;content=addons&amp;url=https%3a%2f%2fraw.githubusercontent.com%2fbiglad%2fCerebroTVRepo%2fmaster%2fconfigs%2fgames.xml",return)</action>
	</shortcut>
	<shortcut>
		<defaultID>script.mtvbapkinstaller</defaultID>
		<label>[B]App Installer[/B]</label>
		<label2>Custom item</label2>
		<icon>DefaultAddon.png</icon>
		<thumb>special://home/userdata/addon_data/skin.titan/hometiles/install.png</thumb>
		<action>ActivateWindow(10025,"plugin://plugin.video.wargames/?action=directory&amp;content=addons&amp;url=https%3a%2f%2fraw.githubusercontent.com%2fbiglad%2fCerebroTVRepo%2fmaster%2fconfigs%2fapk.xml",return)</action>
	</shortcut>
	<shortcut>
		<defaultID>script.mtvbapklauncher</defaultID>
		<label>[B]App Launcher[/B]</label>
		<label2>Video Add-On</label2>
		<icon>DefaultAddon.png</icon>
		<thumb>special://home/userdata/addon_data/skin.titan/hometiles/Icon-Twisty-Launcher-(1).png</thumb>
		<action>ActivateWindow(Programs,androidapp://sources/apps/,return)</action>
	</shortcut>
	<shortcut>
		<defaultID>weather</defaultID>
		<label>[B]Show Weather Info[/B]</label>
		<label2>Custom item</label2>
		<icon>$INFO[Skin.String(WeatherFanArtPack.path)]$INFO[Window(Weather).Property(Current.FanartCode)]$VAR[WeatherFanArtExtension]</icon>
		<thumb>$INFO[Skin.String(WeatherFanArtPack.path)]$INFO[Window(Weather).Property(Current.fanartCode)]$INFO[Skin.String(WeatherFanArtPack.ext)]</thumb>
		<action>ActivateWindow(Weather)</action>
	</shortcut>
	<shortcut>
		<defaultID>superfavourites</defaultID>
		<label>[B]My Favourites[/B]</label>
		<label2>Custom item</label2>
		<icon>special://home/addons/resource.images.skinicons.wide/resources/favourites.png</icon>
		<thumb>special://home/addons/resource.images.skinicons.wide/resources/favourites.png</thumb>
		<action>ActivateWindow(favourites)</action>
	</shortcut>
	<shortcut>
		<defaultID>script.mtvbtools</defaultID>
		<label>[B]Cerebro TV Tools[/B]</label>
		<label2>Custom item</label2>
		<icon>DefaultAddon.png</icon>
		<thumb>special://home/userdata/addon_data/skin.titan/hometiles/btt-logo-square-rounded.png</thumb>
		<action>ActivateWindow(10025,"plugin://plugin.video.wargames/?action=directory&amp;content=addons&amp;url=https%3a%2f%2fraw.githubusercontent.com%2fbiglad%2fCerebroTVRepo%2fmaster%2fconfigs%2ftools.xml",return)</action>
	</shortcut>
	<shortcut>
		<defaultID>744</defaultID>
		<label>[B]My Local Files[/B]</label>
		<label2>item</label2>
		<icon>DefaultFolder.png</icon>
		<thumb>special://home/userdata/addon_data/skin.titan/hometiles/addons.png</thumb>
		<action>ActivateWindow(Videos,sources://video/,return)</action>
	</shortcut>
	<shortcut>
		<defaultID>plugin.video.youtube</defaultID>
		<label>[B]YouTube[/B]</label>
		<label2>Video Add-On</label2>
		<icon>DefaultShortcut.png</icon>
		<thumb>special://home/userdata/addon_data/skin.titan/hometiles/youtube.png</thumb>
		<action>ActivateWindow(Videos,"plugin://plugin.video.youtube",return)</action>
	</shortcut>
	<shortcut>
		<defaultID>130</defaultID>
		<label>[B]Show My Device Info[/B]</label>
		<label2>Custom item</label2>
		<icon>special://skin/extras/backgrounds/systeminfo.jpg</icon>
		<thumb>special://home/addons/resource.images.skinicons.wide/resources/tvrecordings.png</thumb>
		<action>ActivateWindow(systeminfo)</action>
	</shortcut>
	<shortcut>
		<defaultID>7</defaultID>
		<label>[B]File manager[/B]</label>
		<label2>Custom item</label2>
		<icon>special://home/userdata/addon_data/skin.titan/hometiles/filemanager.png</icon>
		<thumb />
		<action>ActivateWindow(filemanager)</action>
	</shortcut>
	<shortcut>
		<defaultID>script.mtvbxxx</defaultID>
		<label>[B]Adult Section[/B]</label>
		<label2>Video Add-On</label2>
		<icon>DefaultAddon.png</icon>
		<thumb>special://home/userdata/addon_data/skin.titan/hometiles/adult.png</thumb>
		<action>RunAddOn(script.mtvbxxx)</action>
	</shortcut>
	<shortcut>
		<defaultID>script.mtvbsettings</defaultID>
		<label>[B]Settings[/B]</label>
		<label2>Video Add-On</label2>
		<icon>DefaultAddon.png</icon>
		<thumb>special://home/userdata/addon_data/skin.titan/hometiles/settings.png</thumb>
		<action>RunAddOn(script.mtvbsettings)</action>
	</shortcut>
	<shortcut>
		<defaultID>script.mtvbexit</defaultID>
		<label>[B]Exit / Reboot[/B]</label>
		<label2>Video Add-On</label2>
		<icon>DefaultAddon.png</icon>
		<thumb>special://home/userdata/addon_data/skin.titan/hometiles/exit.png</thumb>
		<action>RunAddOn(script.mtvbexit)</action>
	</shortcut>
</shortcuts>
