<?xml version="1.0" encoding="utf-8"?>
<!--Titan-->
<window>
	<defaultcontrol>5</defaultcontrol>
    <controls>
        <!--Dialog Overlay-->
		<control type="group">
			<include>DialogOverlayExtra</include>
			<animation effect="fade" time="250" start="0" end="100" reversible="false">WindowOpen</animation>
        </control>

        <control type="group">
			<animation type="WindowOpen">
				<effect type="slide" start="1200" end="0" time="250" tween="cubic" easing="inout" />
			</animation>
			<animation type="WindowClose">
				<effect type="slide" start="0" end="1200" time="250" tween="cubic" easing="inout" />
			</animation>
            <!--Panel-->
            <control type="image">
                <posx>630</posx>
                <posy>0</posy>
                <width>1340</width>
                <height>100%</height>
				<texture border="15">diffuse/bgpanel.png</texture>
				<colordiffuse>$INFO[Skin.String(GeneralPanelsColor)]</colordiffuse>
            </control>
            <!-- close dialog -->
            <control type="group">
                <include>animation_fade_visible_hidden</include>
                <right>60</right>
                <width>60</width>
                <posy>40</posy>
                <include condition="Skin.HasSetting(EnableTouchSupport)">close_button</include>
            </control>
			
           <!--Header-->
            <control type="label" id="2">
                <description>Heading</description>
                <posx>700</posx>
                <posy>10</posy>
                <width>1200</width>
				<font>Bold45</font>
				<textcolor>$INFO[Skin.String(GeneralHighlightTextColor)]</textcolor>
                <align>left</align>
				<height>100</height>
				<label>-</label>
            </control>

			<!-- title -->
			<control type="label">
				<posx>700</posx>
				<posy>150</posy>
				<width>800</width>
				<font>Reg36</font>
				<align>left</align>
				<label>$INFO[ADSP.MasterInfo]</label>
            </control>
			
			<control type="image">
				<posx>680</posx>
                <posy>220</posy>
				<width>1200</width>
				<height>250</height>
				<texture border="5">dialogs/default/inner.png</texture>
			</control>
			
			<!--Icon-->
            <control type="image">
                <right>60</right>
                <posy>235</posy>
                <width>350</width>
                <height>220</height>
                <fadetime>800</fadetime>
				<aspectratio align="right" aligny="center" scalediffuse="true">keep</aspectratio>
				<texture background="true" diffuse="diffuse/poster.png" fallback="DefaultVideo.png" border="5">$INFO[ADSP.MasterOwnIcon]</texture>
            </control>
			
            <control type="grouplist">
                <posx>680</posx>
                <posy>220</posy>
                <width>800</width>
                <control type="button">
                    <description>type</description>
                    <width>800</width>
                    <height>60</height>
                    <align>left</align>
                    <textoffsetx>20</textoffsetx>
                    <textwidth>540</textwidth>
                    <texturenofocus>dialogs/default/separator.png</texturenofocus>
                    <label>$LOCALIZE[15042]</label>
                    <label2>$INFO[ADSP.DetectedStreamType]</label2>
                    <enable>false</enable>
					<disabledcolor>$INFO[Skin.String(GeneralTextColor)]</disabledcolor>
                </control>
                <control type="button">
                    <description>Audio codec</description>
                    <width>800</width>
                    <height>60</height>
                    <align>left</align>
                    <textoffsetx>20</textoffsetx>
                    <textwidth>540</textwidth>
                    <texturenofocus>dialogs/default/separator.png</texturenofocus>
                    <label>$LOCALIZE[21446]:</label>
                    <label2>$INFO[VideoPlayer.AudioCodec]$INFO[MusicPlayer.AudioCodec]</label2>
                    <enable>false</enable>
					<disabledcolor>$INFO[Skin.String(GeneralTextColor)]</disabledcolor>
                </control>
                <control type="button">
                    <description>Audio Channels</description>
                    <width>800</width>
                    <height>60</height>
                    <align>left</align>
                    <textoffsetx>20</textoffsetx>
                    <textwidth>540</textwidth>
                    <texturenofocus>dialogs/default/separator.png</texturenofocus>
                    <label>$LOCALIZE[21444]:</label>
                    <label2>$INFO[ListItem.Year]</label2>
                    <enable>false</enable>
					<disabledcolor>$INFO[VideoPlayer.AudioChannels]$INFO[MusicPlayer.AudioChannels]</disabledcolor>
                    <visible>Container.Content(albums)</visible>
                </control>
            </control>
            <control type="image">
                <posx>680</posx>
                <posy>486</posy>
                <width>1200</width>
                <height>430</height>
                <texture border="5">dialogs/default/inner.png</texture>
            </control>
            <control type="grouplist" id="5">
                <description>control area</description>
                <posx>700</posx>
                <posy>506</posy>
                <width>1160</width>
                <height>388</height>
                <onright>60</onright>
                <onup>9001</onup>
                <ondown>9001</ondown>
                <onleft>9001</onleft>
                <pagecontrol>60</pagecontrol>
                <scrolltime tween="cubic" easing="out">500</scrolltime>
			</control>
			<control type="scrollbar" id="60">
				<right>10</right>
				<posy>506</posy>
				<height>388</height>
				<onup>60</onup>
				<ondown>60</ondown>
				<onleft>5</onleft>
				<animation effect="fade" start="0" end="100" time="400" condition="Control.HasFocus(60) | Skin.HasSetting(EnableTouchSupport) | Container.Scrolling | Skin.HasSetting(alwaysShowScrollbars)">Conditional</animation>
				<animation effect="fade" start="100" end="0" time="400" condition="![Control.HasFocus(60) | Skin.HasSetting(EnableTouchSupport) | Container.Scrolling | Skin.HasSetting(alwaysShowScrollbars)]">Conditional</animation>
			</control>
            <control type="button" id="9001">
                <!--Cancel-->
                <posx>680</posx>
                <posy>940</posy>
                <width>290</width>
                <height>80</height>
                <align>center</align>
                <label>222</label>
                <include>DialogButtonOther</include>
                <onclick>Close</onclick>
                <onup>5</onup>
            </control>
            <control type="button" id="7">
                <description>Default Button</description>
                <align>left</align>
            </control>
            <control type="radiobutton" id="8">
                <description>Default RadioButton</description>
                <align>left</align>
            </control>
            <control type="spincontrolex" id="9">
                <description>Default SpinControlex</description>
                <align>left</align>
                <reverse>yes</reverse>
            </control>
            <control type="image" id="11">
                <description>separator image</description>
                <height>2</height>
                <texture>dialogs/default/separator.png</texture>
            </control>
            <control type="edit" id="12">
                <description>Default Edit</description>
                <align>left</align>
            </control>
            <control type="sliderex" id="13">
                <description>Default Slider</description>
                <align>left</align>
            </control>
            <control type="label" id="14">
                <description>Default Label</description>
                <align>left</align>
            </control>
        </control>
    </controls>
</window>