<?xml version="1.0" encoding="utf-8"?>
<!--Titan-->
<includes>

	<include name="HomeMenuSubMenuHorizontal">
		
        <control type="image">
            <!--Panel Shadow-->
            <posx>-120</posx>
            <bottom>-120</bottom>
            <width>2130</width>
            <height>220</height>
            <texture border="15">diffuse/bgpanel.png</texture>
            <colordiffuse>$VAR[ViewDetailsPanelColor]</colordiffuse>
            <visible>skin.hastheme(classic) | Skin.HasSetting(NoFooterBarOnHome)</visible>
            <animation effect="slide" start="0,200" end="0,0" time="250">Visible</animation>
            <animation effect="slide" start="0,0" end="0,200" time="50">Hidden</animation>
            <visible>Control.IsVisible(4444)</visible>
        </control>
		
		<control type="list" id="4444">
			<posx>48</posx>
			<bottom>-190</bottom>
			<width>1840</width>
			<height>185</height>
			<orientation>horizontal</orientation>
			<onleft>4444</onleft>
			<onright>4444</onright>
			<itemgap>0</itemgap>
			<onback>SetFocus(300)</onback>
			<onup>SetFocus(300)</onup>
			<onfocus>SetProperty(submenu,show,home)</onfocus>
			<onback condition="!Skin.HasSetting(AutoShowSubmenu)">ClearProperty(submenu, Home)</onback>
			<onup condition="!Skin.HasSetting(AutoShowSubmenu)">ClearProperty(submenu, Home)</onup>
			<ondown condition="!Skin.HasSetting(DisablePowerMenu)">ActivateWindow(111)</ondown>   
			<animation effect="slide" start="0,0" end="0,-205" time="125">Visible</animation>
            <animation effect="slide" start="-205,0" end="0,0" time="125">Hidden</animation>
			<visible allowhiddenfocus="true">
                [SubString(Window(Home).Property(submenu),show) | Control.HasFocus(4444)] 
                + !StringCompare(Window(Home).Property(ShowWidget),show) 
                + !Control.HasFocus(2) 
                + IntegerGreaterThan(Container(4445).NumItems,0)
            </visible>
			<itemlayout width="368" height="185">
				<control type="group">
					<posy>120</posy>
					<control type="button">
						<label></label>
						<width>358</width>
						<height>60</height>
						<font>Reg24</font>
						<textcolor>blue</textcolor>
						<align>center</align>
						<aligny>center</aligny>
					</control>
					<control type="label"> <!--label-->
						<left>20</left>
						<width>320</width>
						<label>$INFO[ListItem.Label]</label>
						<font>Reg24</font>
						<scroll>false</scroll>
						<textcolor>$INFO[Skin.String(ButtonTextColor)]</textcolor>
						<selectedcolor>$INFO[Skin.String(ButtonTextColor)]</selectedcolor>
						<disabledcolor>midgrey</disabledcolor>
					</control>
				</control>
			</itemlayout>
			
			<focusedlayout width="368" height="185">
				<control type="group">
					<posy>120</posy>
					<control type="button">
						<label></label>
						<width>358</width>
						<height>60</height>
						<font>Reg24</font>
						<textcolor>blue</textcolor>
						<align>center</align>
						<aligny>center</aligny>
						<visible>!Control.HasFocus(4444)</visible>
					</control>
					<control type="image">
						<width>358</width>
						<height>60</height>
						<texture diffuse="diffuse/panel.png" border="5" colordiffuse="$INFO[Skin.String(ButtonFocusColor)]">colors/color_white.png</texture>
						<visible>Control.HasFocus(4444)</visible>
					</control>
					<control type="label"> <!--label-->
						<left>20</left>
						<width>320</width>
						<label>$INFO[ListItem.Label]</label>
						<font>Reg24</font>
						<scroll>false</scroll>
						<textcolor>$INFO[Skin.String(ButtonFocusTextColor)]</textcolor>
						<selectedcolor>$INFO[Skin.String(ButtonFocusTextColor)]</selectedcolor>
						<visible>Control.HasFocus(4444)</visible>
					</control>
					<control type="label"> <!--label-->
						<left>20</left>
						<width>320</width>
						<label>$INFO[ListItem.Label]</label>
						<font>Reg24</font>
						<scroll>false</scroll>
						<textcolor>$INFO[Skin.String(ButtonTextColor)]</textcolor>
						<selectedcolor>$INFO[Skin.String(ButtonTextColor)]</selectedcolor>
						<visible>!Control.HasFocus(4444)</visible>
					</control>
                    <control type="button">
                        <label>-</label>
                        <visible>false</visible>
                        <onfocus>SetProperty(submenu,show,home)</onfocus>
                    </control>
				</control>
			</focusedlayout>

			<content><include>skinshortcuts-submenu</include></content>
		</control>
	</include>


	<include name="HomeMenuSubMenuVertical">
		<control type="group" id="444">
			<defaultcontrol>4444</defaultcontrol>

			<animation type="Conditional" condition="![SubString(Window(Home).Property(submenu),show) | Control.HasFocus(4444)]">
                <effect type="fade" start="100" end="0" time="250" />
            </animation>
			
			<animation type="Conditional" condition="[Control.IsVisible(77551) | StringCompare(Window(Home).Property(ShowWidget),show)]">
                <effect type="slide" start="0,-0" end="0,800" time="400" tween="cubic" easing="inout" delay="0" />
            </animation>
			
		
			<posy>65</posy>
			<posx>-4</posx>
		
			<!--submenu right 1-row pos 0-->
			<control type="group">
				<posx>599</posx>
				<bottom>110</bottom>
				<height>325</height>
				<visible>[Skin.String(HomeLayout, 1) + SubString(Window(Home).Property(submenupos),0)]</visible>
				<!-- movies submenu -->
				<control type="group">
					<posx>0</posx>
					<include>HomeMenuSubMenuRight</include>
					<include>SubMenuLayoutVertical</include>
				</control>
				 <include>HomeMenuFocusButtonLeft</include>
			</control>
			<!--submenu right 1 row pos 1-->
			<control type="group">
				<posx>1210</posx>
				<bottom>110</bottom>
				<height>325</height>
				<visible>[Skin.String(HomeLayout, 1) + SubString(Window(Home).Property(submenupos),1)]</visible>
				<!-- movies submenu -->
				<control type="group">
					<posx>0</posx>
					<include>HomeMenuSubMenuRight</include>
					 <include>SubMenuLayoutVertical</include>
				</control>
				 <include>HomeMenuFocusButtonLeft</include>
			</control>
			<!--submenu left 1-row pos 2-->
			<control type="group">
				<posx>625</posx>
				<bottom>110</bottom>
				<height>325</height>
				<visible>[Skin.String(HomeLayout, 1) + SubString(Window(Home).Property(submenupos),2)]</visible>
				
				<!-- movies submenu -->
				<control type="group">
					<posx>0</posx>
					<include>HomeMenuSubMenuLeft</include>
					<include>SubMenuLayoutVertical</include>
				</control>
				 <include>HomeMenuFocusButtonRight</include>
			</control>
			<!--submenu right 2-row pos 0-->
			<control type="group">
				<posx>599</posx>
				<bottom>370</bottom>
				<height>325</height>
				<visible>Skin.String(HomeLayout, 2) + SubString(Window(Home).Property(submenupos),0)</visible>
				
				<!-- movies submenu -->
				<control type="group">
					<posx>0</posx>
					<include>HomeMenuSubMenuRight</include>
					<include>SubMenuLayoutVertical</include>
				</control>
				 <include>HomeMenuFocusButtonLeft</include>
			</control>
			
			<!--submenu right 3-row pos 3-->
			<control type="group">
				<posx>599</posx>
				<bottom>345</bottom>
				<height>325</height>
				<visible>Skin.String(HomeLayout, 3) + SubString(Window(Home).Property(submenupos),3)</visible>
				
				<!-- movies submenu -->
				<control type="group">
					<posx>0</posx>
					<include>HomeMenuSubMenuRight</include>
					<include>SubMenuLayoutVertical</include>
				</control>
				 <include>HomeMenuFocusButtonLeft</include>
			</control>
			
			<!--submenu right 3-row pos 0-->
			<control type="group">
				<posx>599</posx>
				<posy>55</posy>
				<visible>[Skin.String(HomeLayout, 3) + SubString(Window(Home).Property(submenupos),0)]</visible>
				<!-- movies submenu -->
				<control type="group">
					<posx>0</posx>
					<include>HomeMenuSubMenuRight</include>
					<include>SubMenuLayoutVertical</include>
				</control>
				 <include>HomeMenuFocusButtonLeft</include>
			</control>
			
			<!--submenu right 2-row pos 1-->
			<control type="group">
				<posx>599</posx>
				<bottom>80</bottom>
				<height>325</height>
				<visible>Skin.String(HomeLayout, 2) + SubString(Window(Home).Property(submenupos),1)</visible>
				
				<!-- movies submenu -->
				<control type="group">
					<posx>0</posx>
					<include>HomeMenuSubMenuRight</include>
					 <include>SubMenuLayoutVertical</include>
				</control>
				 <include>HomeMenuFocusButtonLeft</include>
			</control>
			
			<!--submenu right 3-row pos 6-->
			<control type="group">
				<posx>599</posx>
				<bottom>55</bottom>
				<height>325</height>
				<visible>Skin.String(HomeLayout, 3) + SubString(Window(Home).Property(submenupos),6)</visible>
				
				<!-- movies submenu -->
				<control type="group">
					<posx>0</posx>
					<include>HomeMenuSubMenuRight</include>
					 <include>SubMenuLayoutVertical</include>
				</control>
				 <include>HomeMenuFocusButtonLeft</include>
			</control>
			
			
			<!--submenu right 2-row pos 2-->
			<control type="group">
				<posx>1210</posx>
				<bottom>370</bottom>
				<height>325</height>
				<visible>Skin.String(HomeLayout, 2) + SubString(Window(Home).Property(submenupos),2)</visible>
				
				<!-- movies submenu -->
				<control type="group">
					<posx>0</posx>
					<include>HomeMenuSubMenuRight</include>
					 <include>SubMenuLayoutVertical</include>
				</control>
				 <include>HomeMenuFocusButtonLeft</include>
			</control>
			
			<!--submenu right 3-row pos 4-->
			<control type="group">
				<posx>1210</posx>
				<bottom>345</bottom>
				<height>325</height>
				<visible>Skin.String(HomeLayout, 3) + SubString(Window(Home).Property(submenupos),4)</visible>
				
				<!-- movies submenu -->
				<control type="group">
					<posx>0</posx>
					<include>HomeMenuSubMenuRight</include>
					 <include>SubMenuLayoutVertical</include>
				</control>
				 <include>HomeMenuFocusButtonLeft</include>
			</control>
			
			<!--submenu right 3-row pos 1-->
			<control type="group">
				<posx>1210</posx>
				<posy>55</posy>
				<visible>[Skin.String(HomeLayout, 3) + SubString(Window(Home).Property(submenupos),1)]</visible>
				
				<!-- movies submenu -->
				<control type="group">
					<posx>0</posx>
					<include>HomeMenuSubMenuRight</include>
					 <include>SubMenuLayoutVertical</include>
				</control>
				 <include>HomeMenuFocusButtonLeft</include>
			</control>
			
			
			<!--submenu right 2-row pos 3-->
			<control type="group">
				<posx>1210</posx>
				<bottom>80</bottom>
				<height>325</height>
				<visible>Skin.String(HomeLayout, 2) + SubString(Window(Home).Property(submenupos),3)</visible>
				
				<!-- movies submenu -->
				<control type="group">
					<posx>0</posx>
					<include>HomeMenuSubMenuRight</include>
					<include>SubMenuLayoutVertical</include>
				</control>
				 <include>HomeMenuFocusButtonLeft</include>
			</control>
			
			<!--submenu right 3-row pos 7-->
			<control type="group">
				<posx>1210</posx>
				<bottom>55</bottom>
				<height>325</height>
				<visible>Skin.String(HomeLayout, 3) + SubString(Window(Home).Property(submenupos),7)</visible>
				
				<!-- movies submenu -->
				<control type="group">
					<posx>0</posx>
					<include>HomeMenuSubMenuRight</include>
					<include>SubMenuLayoutVertical</include>
				</control>
				 <include>HomeMenuFocusButtonLeft</include>
			</control>
			
			
			<!--submenu left 2 row pos 4-->
			<control type="group">
				<posx>625</posx>
				<bottom>370</bottom>
				<height>325</height>
				<visible>Skin.String(HomeLayout, 2) + SubString(Window(Home).Property(submenupos),4)</visible>
				<!-- movies submenu -->
				<control type="group">
					<posx>0</posx>
					<include>HomeMenuSubMenuLeft</include>
					 <include>SubMenuLayoutVertical</include>
				</control>
				<include>HomeMenuFocusButtonRight</include>
			</control>
			
			<!--submenu left 3 row pos 5-->
			<control type="group">
				<posx>625</posx>
				<bottom>345</bottom>
				<height>325</height>
				<visible>Skin.String(HomeLayout, 3) + SubString(Window(Home).Property(submenupos),5)</visible>
				<!-- movies submenu -->
				<control type="group">
					<posx>0</posx>
					<include>HomeMenuSubMenuLeft</include>
					 <include>SubMenuLayoutVertical</include>
				</control>
				<include>HomeMenuFocusButtonRight</include>
			</control>
			
			<!--submenu left 3 row pos 2-->
			<control type="group">
				<posx>625</posx>
				<posy>55</posy>
				<visible>[Skin.String(HomeLayout, 3) + SubString(Window(Home).Property(submenupos),2)]</visible>
				
				<!-- movies submenu -->
				<control type="group">
					<posx>0</posx>
					<include>HomeMenuSubMenuLeft</include>
					 <include>SubMenuLayoutVertical</include>
				</control>
				<include>HomeMenuFocusButtonRight</include>
				
			</control>
			
			<!--submenu left 2 row pos 5-->
			<control type="group">
				<posx>625</posx>
				<bottom>80</bottom>
				<height>325</height>
				<visible>Skin.String(HomeLayout, 2) + SubString(Window(Home).Property(submenupos),5)</visible>
				
				<!-- movies submenu -->
				<control type="group">
					<posx>0</posx>
					<include>HomeMenuSubMenuLeft</include>
					<include>SubMenuLayoutVertical</include>
				</control>
				 <include>HomeMenuFocusButtonRight</include>
			</control>
		
			<!--submenu left 3 row pos 8-->
			<control type="group">
				<posx>625</posx>
				<bottom>55</bottom>
				<height>325</height>
				<visible>Skin.String(HomeLayout, 3) + SubString(Window(Home).Property(submenupos),8)</visible>
				
				<!-- movies submenu -->
				<control type="group">
					<posx>0</posx>
					<include>HomeMenuSubMenuLeft</include>
					<include>SubMenuLayoutVertical</include>
				</control>
				 <include>HomeMenuFocusButtonRight</include>
			</control>
		
		
		</control>
	</include>
	
	
	<include name="HomeMenuSubMenuSmallTiles">
		<control type="list" id="4444">
				<posx>60</posx>
				<posy>1090</posy>
				<width>1825</width>
				<height>205</height>
				<orientation>horizontal</orientation>
				<onleft>4444</onleft>
				<onright>4444</onright>
				<itemgap>0</itemgap>
				<onback>SetFocus(300)</onback>
				<onup>SetFocus(300)</onup>
				<onfocus>SetProperty(submenu,show,home)</onfocus>
				<onback condition="!Skin.HasSetting(AutoShowSubmenu)">ClearProperty(submenu, Home)</onback>
				<onup condition="!Skin.HasSetting(AutoShowSubmenu)">ClearProperty(submenu, Home)</onup>
				<ondown condition="!Skin.HasSetting(DisablePowerMenu)">ActivateWindow(111)</ondown>
				<visible allowhiddenfocus="true">[SubString(Window(Home).Property(submenu),show) | Control.HasFocus(4444)] + !Control.IsVisible(77551) + !Control.HasFocus(2)</visible>    
				<animation effect="slide" start="0,0" end="0,-200" time="150">VisibleChange</animation>
				
				<itemlayout width="365" height="205">
					<control type="group">
                        <width>337</width>
                        <height>175</height>
                        <include>ThumbsViewLayout</include>
                        <control type="group">
                            <description>label overlay</description>
                            <include>ThumbsTagOverlay</include>
                            <include>LandscapeTagOverlayVisibility</include>
                        </control>
                    </control>
				</itemlayout>
				<focusedlayout width="365" height="205">
                    <control type="group">
                        <width>337</width>
                        <height>175</height>
                        <include>ThumbsViewLayoutFocus</include>
                        <control type="group">
                            <description>label overlay</description>
                            <include>ThumbsTagOverlay</include>
                            <include>LandscapeTagOverlayVisibility</include>
                        </control>
                        <visible>Control.HasFocus(4444)</visible>
                    </control>
                    <control type="group">
                        <width>337</width>
                        <height>175</height>
                        <include>ThumbsViewLayout</include>
                        <control type="group">
                            <description>label overlay</description>
                            <include>ThumbsTagOverlay</include>
                            <include>LandscapeTagOverlayVisibility</include>
                        </control>
                        <visible>!Control.HasFocus(4444)</visible>
                    </control>
                    <control type="button">
                        <label>-</label>
                        <visible>false</visible>
                        <onfocus>SetProperty(submenu,show,home)</onfocus>
                    </control>
				</focusedlayout>
				<content><include>skinshortcuts-submenu</include></content>
			</control>
		
	</include>

	<include name="HomeMenuSubMenuPage">
	
		<control type="group">
			<posy>-1000</posy>
			<animation type="Conditional" condition="[SubString(Window(Home).Property(submenu),show) | Control.HasFocus(4444)] + Skin.String(SubmenuLayout, subpage)">
				<effect type="slide" start="0,0" end="0,1000" time="0" delay="0" />
			</animation>
			
			
			<!-- extra Header -->
			<control type="group">
				<control type="label">
					<posx>65</posx>
					<posy>200</posy>
					<width min="80" max="1400">auto</width>
					<height>100</height>
					<font>Bold45</font>
					<align>left</align>
					<textcolor>$INFO[Skin.String(HeaderTextColor)]</textcolor>
					<label>$VAR[submenuheader]</label>
					<shadowcolor>$INFO[Skin.String(HeaderTextShadowColor)]</shadowcolor>
				</control>
			</control>		
	
			<!--submenu panel -->
			<control type="panel" id="4444">
				<orientation>vertical</orientation>
				<height>615</height>
				<posy>315</posy>
				<posx>60</posx>
				<width>1825</width>
				<onback>SetFocus(300)</onback>
				<onfocus>SetProperty(submenu,show,home)</onfocus>
				<onback>ClearProperty(submenu, Home)</onback>
                <ondown condition="!Skin.HasSetting(DisablePowerMenu)">ActivateWindow(111)</ondown>
				<visible allowhiddenfocus="true">SubString(Window(Home).Property(submenu),show) | Control.HasFocus(4444)</visible>
				<itemlayout width="365" height="205">
					<control type="group">
                        <width>337</width>
                        <height>175</height>
                        <include>ThumbsViewLayout</include>
                        <control type="group">
                            <description>label overlay</description>
                            <include>ThumbsTagOverlay</include>
                            <include>LandscapeTagOverlayVisibility</include>
                        </control>
                    </control>
				</itemlayout>
				<focusedlayout width="365" height="205">
					<control type="group">
						<control type="group">
                            <width>337</width>
                            <height>175</height>
                            <include>ThumbsViewLayoutFocus</include>
                            <control type="group">
                                <description>label overlay</description>
                                <include>ThumbsTagOverlay</include>
                                <include>LandscapeTagOverlayVisibility</include>
                            </control>
                        </control>
					</control>
                    <control type="button">
                        <label>-</label>
                        <visible>false</visible>
                        <onfocus>SetProperty(submenu,show,home)</onfocus>
                    </control>
				</focusedlayout>		
				<content><include>skinshortcuts-submenu</include></content>
			</control>
			

		</control>
	</include>
	
	<include name="SubMenuLayoutVertical">
	<control type="list" id="4444">
		<posx>50</posx>
		<posy>30</posy>
		<width>560</width>
		<height>215</height>
		<onfocus>SetProperty(submenu,show,home)</onfocus>
		<visible allowhiddenfocus="true">[SubString(Window(Home).Property(submenu),show) | Control.HasFocus(4444)] + !Control.IsVisible(77551) + !Control.HasFocus(2)</visible>    
		<animation effect="fade" start="0" end="100" time="250">VisibleChange</animation>
		<onleft>SetProperty(submenuloading,loading,Home)</onleft>
		<onright>SetProperty(submenuloading,loading,Home)</onright>
		<onback>SetProperty(submenuloading,loading,Home)</onback>
		<onup>SetProperty(submenuloading,loading,Home)</onup>
		<ondown>SetProperty(submenuloading,loading,Home)</ondown>
		
		<onleft>SetProperty(submenu,hide,Home)</onleft>
		<onright>SetProperty(submenu,hide,Home)</onright>
		<onback>SetProperty(submenu,hide,Home)</onback>
		<onup>SetProperty(submenu,hide,Home)</onup>
		<ondown>SetProperty(submenu,hide,Home)</ondown>
			
		<onleft>300</onleft>
		<onright>300</onright>
		<onup>300</onup>
		<ondown>300</ondown>
		<onback>300</onback>
		<itemlayout height="40">
			<control type="label">
				<posx>50</posx>
				<width>600</width>
				<height>60</height>
				<textcolor>black</textcolor>
				<selectedcolor>black</selectedcolor>
				<disabledcolor>black</disabledcolor>
				<info>ListItem.Label</info>
				<font>Reg28</font>
			</control>
		</itemlayout>
		<focusedlayout height="40">
			<control type="label">
				<posx>50</posx>
				<width>600</width>
				<height>60</height>
				<textcolor>$INFO[Skin.String(GeneralTextColor)]</textcolor>
				<selectedcolor>white</selectedcolor>
				<disabledcolor>$INFO[Skin.String(GeneralTextColor)]</disabledcolor>
				<label>[B]$INFO[ListItem.Label][/B]</label>
				<font>Reg28</font>
			</control>
			<control type="button">
				<label>-</label>
				<visible>false</visible>
				<onfocus>SetProperty(submenu,show,home)</onfocus>
			</control>
		</focusedlayout>
		<content>
		<include>skinshortcuts-submenu</include>
		</content>
	 </control>
	</include>
	
	<include name="HomeMenuSubMenuRight">
        <control type="image">
            <posx>-540</posx>
            <posy>26</posy>
            <width>1202</width>
            <height>240</height>
            <texture border="15">diffuse/bgpanel.png</texture>
            <aspectratio scalediffuse="false" align="center" aligny="top">stretch</aspectratio>
            <colordiffuse>$VAR[ViewDetailsFocusColor]</colordiffuse>
        </control>
	</include>
	
	<include name="HomeMenuSubMenuLeft">
        <control type="image">
            <posx>44</posx>
            <posy>26</posy>
            <width>1206</width>
            <height>240</height>
            <texture border="15">diffuse/bgpanel.png</texture>
            <colordiffuse>$VAR[ViewDetailsFocusColor]</colordiffuse>
            <aspectratio>stretch</aspectratio>
        </control>
	</include>
	
	<include name="HomeMenuFocusButtonLayout">
        <control type="group">
            <width>590</width>
            <height>240</height>
            <posy>12</posy>
            <posx>10</posx>
            <control type="image">
                <!--Panel icon image-->
                <bordersize>8</bordersize>
                <texture background="true" diffuse="home/home_matte2.png" fallback="resource://resource.images.skinicons.wide/video.png">$INFO[Container(300).ListItem.Icon]</texture>
                <aspectratio scalediffuse="false" align="center" aligny="top">scale</aspectratio>
            </control>
            <control type="image">
                <!--Panel Overlay-->
                <bordersize>8</bordersize>
                <texture diffuse="home/home_matte2.png">diffuse/home_overlay.png</texture>
                <visible>!Skin.HasSetting(NoTitleOnHomeMenuTiles) + !StringCompare(Container(300).ListItem.Property(disableLabel), disable)</visible>
                <colordiffuse>$INFO[Skin.String(TagOverlaysPanelColor)]</colordiffuse>
            </control>
            <control type="label">
                <!--Label with title-->
                <bottom>8</bottom>
                <height>33%</height>
                <left>3%</left>
                <width>94%</width>
                <font>Reg38</font>
                <include condition="Skin.HasSetting(ThumbsLabelAlignmentCenter)">aligncenter</include>
                <align>left</align>
                <aligny>center</aligny>
                <label>$INFO[Container(300).ListItem.Label]</label>
                <textcolor>$INFO[Skin.String(TagOverlaysTextColor)]</textcolor>
                <visible>!Skin.HasSetting(NoTitleOnHomeMenuTiles) + !StringCompare(Container(300).ListItem.Property(disableLabel), disable)</visible>
            </control>
        </control>
    </include>
		
    <include name="HomeMenuFocusButtonLeft">
            <control type="group">
                <posy>13</posy>
                <posx>-550</posx>
                <include>HomeMenuFocusButtonLayout</include>
            </control>
    </include>
    
    <include name="HomeMenuFocusButtonRight">
        <control type="group">
            <posy>13</posy>
            <posx>650</posx>
            <include>HomeMenuFocusButtonLayout</include>
        </control>
    </include>
    

    <include name="hiddenSubmenu">
        <!-- hidden submenu to do count calculations -->
        <control type="list" id="4445">
            <width>1</width>
            <height>1</height>
            <pagecontrol>-</pagecontrol>
            <orientation>vertical</orientation>
            <itemlayout width="1" height="1">
            </itemlayout>
            <focusedlayout width="1" height="1">
            </focusedlayout>
            <content><include>skinshortcuts-submenu</include></content>
        </control>
    </include>
		
		
		
		
</includes>
