<?xml version="1.0" encoding="utf-8"?>
<includes>

    <include name="DialogPVRChannelsOSD_Small">
        <control type="group">
			<posx>-660</posx>
			<posy>0</posy>
			<animation type="WindowOpen">
				<effect type="slide" start="0" end="660" time="250" tween="cubic" easing="inout" />
			</animation>
			<animation type="WindowClose">
				<effect type="slide" start="660" end="0" time="250" tween="cubic" easing="inout" />
			</animation>
			<!--Panel-->
			<control type="image">
                <posy>0</posy>
                <posx>0</posx>
                <width>555</width>
                <height>100%</height>
                <texture border="5">diffuse/panel.png</texture>
                <colordiffuse>$INFO[Skin.String(OSDPanelColor)]</colordiffuse>
                <aspectratio>stretch</aspectratio>
            </control>
            <control type="image">
                <posy>0</posy>
                <posx>0</posx>
                <width>550</width>
                <height>100%</height>
                <texture border="5">diffuse/panel.png</texture>
                <colordiffuse>$INFO[Skin.String(OSDPanelColor)]</colordiffuse>
                <aspectratio>stretch</aspectratio>
            </control>

            <!-- header -->
            <control type="label">
                <posx>40</posx>
                <posy>10</posy>
                <width min="80" max="1100">auto</width>
                <height>100</height>
                <font>Bold45</font>
                <align>left</align>
                <textcolor>$INFO[Skin.String(OSDPrimaryTextColor)]</textcolor>
                <label>$INFO[VideoPlayer.ChannelGroup]</label>
                <visible>!Window.IsActive(infodialog) + !Window.IsActive(extendedprogressdialog)</visible>
                <visible>!pvr.IsPlayingRadio</visible>
            </control>
            <control type="label">
                <posx>40</posx>
                <posy>10</posy>
                <width min="80" max="1100">auto</width>
                <height>100</height>
                <font>Bold45</font>
                <align>left</align>
                <textcolor>$INFO[Skin.String(OSDPrimaryTextColor)]</textcolor>
                <label>[UPPERCASE]$LOCALIZE[19024][/UPPERCASE]</label>
                <visible>!Window.IsActive(infodialog) + !Window.IsActive(extendedprogressdialog)</visible>
                <visible>pvr.IsPlayingRadio</visible>
            </control>
            
            <control type="label">
                <!--Info Time Date-->
                <posx>40</posx>
                <posy>80</posy>
                <width>600</width>
                <height>50</height>
                <font>Reg28</font>
                <textcolor>$INFO[Skin.String(OSDSecondaryTextColor)]</textcolor>
                <label>$INFO[System.Date(DDD)], $INFO[System.Date(d)] $INFO[System.Date(mmm)] $INFO[System.Date(yyyy)] | $INFO[System.Time]</label>
            </control>
            
            <!--Label Menu: -->
            <control type="image">
                <!--Seperator-->
                <posx>0</posx>
                <posy>140</posy>
                <width>500</width>
                <height>20</height>
                <align>left</align>
                <texture>common/menu-separator.png</texture>
            </control>
             <!-- Scollbar behind panel for touch control-->
            <control type="scrollbar" id="60">
                <posx>0</posx>
                <posy>160</posy>
                <width>540</width>
                <height>900</height>
                <onup>60</onup>
                <ondown>60</ondown>
                <onleft>50</onleft>
                <animation effect="fade" start="100" end="0" time="10" condition="true">Conditional</animation>
            </control>
            
            <!--List ID=11-->
            <control type="list" id="11">
                <posx>0</posx>
                <posy>180</posy>
                <width>530</width>
                <height>875</height>
                <onleft>PreviousChannelGroup</onleft>
                <onright>NextChannelGroup</onright>
                <onup>11</onup>
                <ondown>11</ondown>
                <viewtype label="535">list</viewtype>
                <pagecontrol>60</pagecontrol>
                <scrolltime>200</scrolltime>
                <itemlayout height="130" width="530">
                    <control type="label">
                        <!--Channel Number-->
                        <posx>0</posx>
                        <posy>0</posy>
                        <width>100</width>
                        <height>100</height>
                        <font>Reg40</font>
                        <textcolor>$INFO[Skin.String(OSDPrimaryTextColor)]</textcolor>
                        <selectedcolor>$INFO[Skin.String(OSDPrimaryTextColor)]</selectedcolor>
                        <align>center</align>
                        <info>ListItem.ChannelNumber</info>
                        <visible>IsEmpty(ListItem.Icon)</visible>
                    </control>
                    <control type="image">
                        <!--Rec-->
                        <posx>100</posx>
                        <posy>0</posy>
                        <width>50</width>
                        <height>50</height>
                        <texture>pvr/icons/pvr_record.png</texture>
                        <visible>ListItem.IsRecording</visible>
                    </control>
                    <control type="image">
                        <!--Now Playing Icon-->
                        <posx>100</posx>
                        <posy>0</posy>
                        <width>50</width>
                        <height>50</height>
                        <fadetime>600</fadetime>
                        <texture>pvr/icons/pvr_play.png</texture>
                        <visible>ListItem.Isplaying + !ListItem.IsRecording</visible>
                    </control>
                    <control type="image">
                        <!--Channel Icon-->
                        <posx>10</posx>
                        <posy>10</posy>
                        <width>80</width>
                        <height>90</height>
                        <texture fallback="DefaultTVShows.png">$INFO[ListItem.Icon]</texture>
                        <aspectratio>keep</aspectratio>
                    </control>
                    <control type="label">
                        <!--Channel Name-->
                        <animation effect="slide" start="0" end="50" time="0" reversible="false" condition="ListItem.Isplaying | ListItem.IsRecording">Conditional</animation>
                        <posx>110</posx>
                        <posy>10</posy>
                        <width>450</width>
                        <height>25</height>
                        <font>Reg28</font>
                        <textcolor>$INFO[Skin.String(OSDPrimaryTextColor)]</textcolor>
                        <selectedcolor>$INFO[Skin.String(OSDPrimaryTextColor)]</selectedcolor>
                        <align>left</align>
                        <aligny>center</aligny>
                        <label>$INFO[ListItem.Label]</label>
                    </control>
                    <control type="label">
                        <!--Channel Now Playing (LEFT)-->
                        <posx>110</posx>
                        <posy>45</posy>
                        <width>630</width>
                        <height>20</height>
                        <font>Reg25</font>
                        <textcolor>$INFO[Skin.String(OSDSecondaryTextColor)]</textcolor>
                        <selectedcolor>$INFO[Skin.String(OSDSecondaryTextColor)]</selectedcolor>
                        <align>left</align>
                        <aligny>center</aligny>
                        <label>$INFO[ListItem.Title]</label>
                    </control>
                    <control type="label">
                        <!--Time: Start, End (RIGHT)-->
                        <posx>110</posx>
                        <posy>75</posy>
                        <width>110</width>
                        <height>20</height>
                        <font>Reg18</font>
                        <textcolor>$INFO[Skin.String(OSDPrimaryTextColor)]</textcolor>
                        <selectedcolor>$INFO[Skin.String(OSDPrimaryTextColor)]</selectedcolor>
                        <align>left</align>
                        <aligny>center</aligny>
                        <label>$INFO[ListItem.StartTime]</label>
                        <visible>ListItem.HasEpg</visible>
                    </control>
                    <control type="progress">
                        <description>Progressbar</description>
                        <left>220</left>
                        <top>80</top>
                        <width>200</width>
                        <height>10</height>
                        <texturebg border="5" colordiffuse="$VAR[OSDProgressBarBackgroundColor]">diffuse/panel_trans.png</texturebg>
                        <lefttexture>-</lefttexture>
                        <midtexture border="5" colordiffuse="$INFO[Skin.String(OSDProgressBarColor)]">diffuse/panel.png</midtexture>
                        <righttexture>-</righttexture>
                        <overlaytexture>-</overlaytexture>
                        <info>ListItem.Progress</info>
                        <visible>ListItem.HasEpg</visible>
                    </control>
                    <control type="label">
                        <!--Time: Start, End (RIGHT)-->
                        <right>5</right>
                        <posy>75</posy>
                        <width>130</width>
                        <height>20</height>
                        <font>Reg18</font>
                        <textcolor>$INFO[Skin.String(OSDPrimaryTextColor)]</textcolor>
                        <selectedcolor>$INFO[Skin.String(OSDPrimaryTextColor)]</selectedcolor>
                        <align>right</align>
                        <aligny>center</aligny>
                        <label>$INFO[ListItem.EndTime]</label>
                        <visible>ListItem.HasEpg</visible>
                    </control>
                    <control type="label">
                        <!--Next info-->
                        <posx>110</posx>
                        <posy>100</posy>
                        <width>630</width>
                        <height>20</height>
                        <font>Reg18</font>
                        <textcolor>$INFO[Skin.String(OSDPrimaryTextColor)]</textcolor>
                        <selectedcolor>$INFO[Skin.String(OSDPrimaryTextColor)]</selectedcolor>
                        <align>left</align>
                        <aligny>center</aligny>
                        <label>$LOCALIZE[19031]: $INFO[ListItem.NextTitle]</label>
                        <visible>ListItem.HasEpg</visible>
                    </control>
                    <control type="image">
                        <!--Separator-->
                        <posx>0</posx>
                        <posy>125</posy>
                        <width>530</width>
                        <height>20</height>
                        <fadetime>400</fadetime>
                        <colordiffuse>list_separator</colordiffuse>
                        <texture>common/separator.png</texture>
                    </control>
                </itemlayout>
                <focusedlayout height="130" width="530">
                    <control type="image">
                        <posx>0</posx>
                        <posy>0</posy>
                        <width>970</width>
                        <height>125</height>
                        <texture border="5">diffuse/panel.png</texture>
                        <colordiffuse>$INFO[Skin.String(ButtonFocusColor)]</colordiffuse>
                    </control>
                    <control type="label">
                        <!--Channel Number-->
                        <posx>0</posx>
                        <posy>0</posy>
                        <width>100</width>
                        <height>100</height>
                        <font>Reg40</font>
                        <textcolor>$INFO[Skin.String(ButtonFocusTextColor)]</textcolor>
                        <selectedcolor>$INFO[Skin.String(ButtonFocusTextColor)]</selectedcolor>
                        <align>center</align>
                        <info>ListItem.ChannelNumber</info>
                        <visible>IsEmpty(ListItem.Icon)</visible>
                    </control>
                    <control type="image">
                        <!--Rec-->
                        <posx>100</posx>
                        <posy>0</posy>
                        <width>50</width>
                        <height>50</height>
                        <texture>pvr/icons/pvr_record.png</texture>
                        <visible>ListItem.IsRecording</visible>
                    </control>
                    <control type="image">
                        <!--Now Playing Icon-->
                        <posx>100</posx>
                        <posy>0</posy>
                        <width>50</width>
                        <height>50</height>
                        <fadetime>600</fadetime>
                        <texture>pvr/icons/pvr_play.png</texture>
                        <visible>ListItem.Isplaying + !ListItem.IsRecording</visible>
                    </control>
                    <control type="image">
                        <!--Channel Icon-->
                        <posx>10</posx>
                        <posy>10</posy>
                        <width>80</width>
                        <height>90</height>
                        <texture fallback="DefaultTVShows.png">$INFO[ListItem.Icon]</texture>
                        <aspectratio>keep</aspectratio>
                    </control>
                    <control type="label">
                        <!--Channel Name-->
                        <animation effect="slide" start="0" end="50" time="0" reversible="false" condition="ListItem.Isplaying | ListItem.IsRecording">Conditional</animation>
                        <posx>110</posx>
                        <posy>10</posy>
                        <width>450</width>
                        <height>25</height>
                        <font>Reg28</font>
                        <textcolor>$INFO[Skin.String(ButtonFocusTextColor)]</textcolor>
                        <align>left</align>
                        <aligny>center</aligny>
                        <label>$INFO[ListItem.Label]</label>
                    </control>
                    <control type="label">
                        <!--Channel Now Playing (LEFT)-->
                        <posx>110</posx>
                        <posy>45</posy>
                        <width>630</width>
                        <height>20</height>
                        <font>Reg25</font>
                        <textcolor>$INFO[Skin.String(ButtonFocusTextColor)]</textcolor>
                        <align>left</align>
                        <aligny>center</aligny>
                        <scroll>true</scroll>
                        <label>$INFO[ListItem.Title]</label>
                    </control>
                    <control type="label">
                        <!--Time: Start, End (RIGHT)-->
                        <posx>110</posx>
                        <posy>75</posy>
                        <width>110</width>
                        <height>20</height>
                        <font>Reg18</font>
                        <textcolor>$INFO[Skin.String(ButtonFocusTextColor)]</textcolor>
                        <align>left</align>
                        <aligny>center</aligny>
                        <label>$INFO[ListItem.StartTime]</label>
                        <visible>ListItem.HasEpg</visible>
                    </control>
                    <control type="progress">
                        <description>Progressbar</description>
                        <left>220</left>
                        <top>80</top>
                        <width>200</width>
                        <height>10</height>
                        <info>ListItem.Progress</info>
                        <visible>ListItem.HasEpg</visible>
                        <texturebg border="5" colordiffuse="$VAR[OSDProgressBarBackgroundColor]">diffuse/panel_trans.png</texturebg>
                        <lefttexture>-</lefttexture>
                        <midtexture border="5" colordiffuse="$INFO[Skin.String(ButtonFocusTextColor)]">diffuse/panel.png</midtexture>
                        <righttexture>-</righttexture>
                        <overlaytexture>-</overlaytexture>
                    </control>
                    <control type="label">
                        <!--Time: Start, End (RIGHT)-->
                        <right>5</right>
                        <posy>75</posy>
                        <width>110</width>
                        <height>20</height>
                        <font>Reg18</font>
                        <textcolor>$INFO[Skin.String(ButtonFocusTextColor)]</textcolor>
                        <align>right</align>
                        <aligny>center</aligny>
                        <label>$INFO[ListItem.EndTime]</label>
                        <visible>ListItem.HasEpg</visible>
                    </control>
                    <control type="label">
                        <!--Next info-->
                        <posx>110</posx>
                        <posy>100</posy>
                        <width>630</width>
                        <height>20</height>
                        <font>Reg18</font>
                        <textcolor>$INFO[Skin.String(ButtonFocusTextColor)]</textcolor>
                        <selectedcolor>$INFO[Skin.String(ButtonFocusTextColor)]</selectedcolor>
                        <align>left</align>
                        <aligny>center</aligny>
                        <label>$LOCALIZE[19031]: $INFO[ListItem.NextTitle]</label>
                        <visible>ListItem.HasEpg</visible>
                    </control>
                    <control type="image">
                        <!--Separator-->
                        <posx>0</posx>
                        <posy>125</posy>
                        <width>530</width>
                        <height>20</height>
                        <fadetime>400</fadetime>
                        <colordiffuse>list_separator</colordiffuse>
                        <texture>common/separator.png</texture>
                    </control>
                </focusedlayout>
            </control>

        </control>
	</include>
    
    <include name="DialogPVRChannelsOSD_Large">
        <control type="group">
            <left>60</left>
            <top>60</top>
            <right>60</right>
            <height>970</height>
            
            <!-- background panel -->
            <control type="image">
                <texture border="5">diffuse/panel.png</texture>
                <colordiffuse>$INFO[Skin.String(OSDPanelColor)]</colordiffuse>
                <aspectratio>stretch</aspectratio>
            </control>
            <control type="image">
                <texture border="5">diffuse/panel.png</texture>
                <colordiffuse>$INFO[Skin.String(OSDPanelColor)]</colordiffuse>
                <aspectratio>stretch</aspectratio>
            </control>
            
            <!-- header -->
            <control type="image">
                <texture border="5">diffuse/panel.png</texture>
                <colordiffuse>$INFO[Skin.String(OSDPanelColor)]</colordiffuse>
                <aspectratio>stretch</aspectratio>
                <top>0</top>
                <height>60</height>
            </control>
            <control type="togglebutton" id="10">
				<top>10</top>
                <left>5</left>
				<width>1100</width>
				<height>45</height>
				<align>left</align>
				<font>Reg26</font>
				<onleft>11</onleft>
                <onright>11</onright>
				<ondown>11</ondown>
                <onup>11</onup>
				<textoffsetx>90</textoffsetx>
				<label>$LOCALIZE[19023] - $INFO[VideoPlayer.ChannelGroup]</label>
                <altlabel>$LOCALIZE[19024] - $INFO[MusicPlayer.ChannelGroup]</altlabel>
                <textcolor>$INFO[Skin.String(OSDPrimaryTextColor)]</textcolor>
                <shadowcolor>$INFO[Skin.String(OSDPrimaryTextShadowColor)]</shadowcolor>
                <onclick>PreviousChannelGroup</onclick>
                <texturenofocus>-</texturenofocus>
                <usealttexture>pvr.IsPlayingRadio</usealttexture>
			</control>
            <control type="image">
				<top>15</top>
                <left>35</left>
				<width>30</width>
				<height>30</height>
				<texture colordiffuse="$INFO[Skin.String(ViewDetailsTextColor)]">home/home_arrow_up.png</texture>
			</control>
            <control type="image">
				<colordiffuse>$INFO[Skin.String(OSDPrimaryTextColor)]</colordiffuse>
				<texture>dialogs/default/separator.png</texture>
                <height>45</height>
                <top>15</top>
			</control>
            <control type="label">
                <top>10</top>
                <right>30</right>
                <width>1200</width>
                <height>30</height>
                <font>Reg26</font>
                <textcolor>$INFO[Skin.String(OSDPrimaryTextColor)]</textcolor>
                <selectedcolor>$INFO[Skin.String(OSDPrimaryTextColor)]</selectedcolor>
                <align>right</align>
                <aligny>bottom</aligny>
                <label>$INFO[System.Date(DDD)], $INFO[System.Date(d)] $INFO[System.Date(mmm)] $INFO[System.Date(yyyy)] • $INFO[System.Time]</label>
                <animation effect="slide" start="0" end="-60" time="0" reversible="false" condition="Skin.HasSetting(EnableTouchSupport)">Conditional</animation>
            </control>
            
            <!-- close dialog -->
            <control type="group">
                <include>animation_fade_visible_hidden</include>
                <right>35</right>
                <width>40</width>
                <posy>10</posy>
                <include condition="Skin.HasSetting(EnableTouchSupport)">close_button</include>
            </control>
			
            
            <!-- footer -->
            <control type="image">
                <texture border="5">diffuse/panel.png</texture>
                <colordiffuse>$INFO[Skin.String(OSDPanelColor)]</colordiffuse>
                <aspectratio>stretch</aspectratio>
                <bottom>0</bottom>
                <height>45</height>
            </control>
            <control type="image">
				<colordiffuse>$INFO[Skin.String(OSDPrimaryTextColor)]</colordiffuse>
				<texture>dialogs/default/separator.png</texture>
                <height>45</height>
                <bottom>45</bottom>
			</control>
            <control type="label">
                <bottom>10</bottom>
                <left>35</left>
                <width>1200</width>
                <height>30</height>
                <font>Reg22</font>
                <textcolor>$INFO[Skin.String(OSDPrimaryTextColor)]</textcolor>
                <selectedcolor>$INFO[Skin.String(OSDPrimaryTextColor)]</selectedcolor>
                <align>left</align>
                <aligny>center</aligny>
                <label>$INFO[Container(11).NumItems] $LOCALIZE[19019] - $INFO[Container(11).CurrentPage]/$INFO[Container(11).NumPages]</label>
            </control>
            
            <!--List ID=11-->
            <control type="list" id="11">
                <left>5</left>
                <top>65</top>
                <width>1100</width>
                <height>840</height>
                <onup>11</onup>
                <ondown>11</ondown>
                <onleft>10</onleft>
                <onright>60</onright>
                <viewtype label="535">list</viewtype>
                <pagecontrol>60</pagecontrol>
                <scrolltime>200</scrolltime>
                <itemlayout height="60" width="1100">
                    
                    <!--Channel Number-->
                    <control type="label">
                        <width>90</width>
                        <height>100%</height>
                        <font>Reg24</font>
                        <textcolor>$INFO[Skin.String(OSDPrimaryTextColor)]</textcolor>
                        <selectedcolor>$INFO[Skin.String(OSDPrimaryTextColor)]</selectedcolor>
                        <align>center</align>
                        <aligny>center</aligny>
                        <info>ListItem.ChannelNumber</info>
                    </control>
                    
                    <!-- progress -->
                    <control type="progress">
                        <description>Progressbar</description>
                        <left>90</left>
                        <top>20</top>
                        <width>70</width>
                        <height>20</height>
                        <info>ListItem.Progress</info>
                        <texturebg border="5" colordiffuse="00ffffff">diffuse/panel.png</texturebg>
                        <lefttexture>-</lefttexture>
                        <midtexture border="5" colordiffuse="$INFO[Skin.String(OSDSecondaryTextColor)]">diffuse/panel.png</midtexture>
                        <righttexture>-</righttexture>
                        <overlaytexture>-</overlaytexture>
                    </control>
                    <control type="image">
                        <description>Progress Bar Border</description>
                        <left>90</left>
                        <top>20</top>
                        <width>70</width>
                        <height>20</height>
                        <texture border="5" colordiffuse="$INFO[Skin.String(OSDSecondaryTextColor)]">diffuse/thinborder.png</texture>
                    </control>
                    
                    <!--Channel Name + Program Title-->
                    <control type="label">
                        <left>180</left>
                        <width>800</width>
                        <height>100%</height>
                        <font>Reg24</font>
                        <textcolor>$INFO[Skin.String(OSDPrimaryTextColor)]</textcolor>
                        <selectedcolor>$INFO[Skin.String(OSDPrimaryTextColor)]</selectedcolor>
                        <align>left</align>
                        <aligny>center</aligny>
                        <label>[B]$INFO[ListItem.Label]: [/B]$INFO[ListItem.Title]</label>
                    </control>
                    
                    <!-- indicator -->
                    <include>WatchedIndicatorSmall</include>
                    
                    <!--Channel Icon-->
                    <control type="image">
                        <right>-8</right>
                        <width>100</width>
                        <texture fallback="DefaultTVShows.png">$INFO[ListItem.Icon]</texture>
                        <aspectratio>keep</aspectratio>
                        <visible>![ListItem.Isplaying | ListItem.IsRecording | ListItem.HasTimer]</visible>
                        <bordersize>8</bordersize>
                    </control>
                    
                    <control type="image">
                        <!--Separator-->
                        <posx>0</posx>
                        <posy>56</posy>
                        <height>20</height>
                        <fadetime>400</fadetime>
                        <colordiffuse>list_separator</colordiffuse>
                        <texture>common/separator.png</texture>
                    </control>
                    
                </itemlayout>
                <focusedlayout height="60" width="1100">
                    <control type="image">
                        <texture border="5">diffuse/panel.png</texture>
                        <colordiffuse>$INFO[Skin.String(ButtonFocusColor)]</colordiffuse>
                    </control>
                    
                    <!--Channel Number-->
                    <control type="label">
                        <width>90</width>
                        <height>100%</height>
                        <font>Reg24</font>
                        <textcolor>$INFO[Skin.String(ButtonFocusTextColor)]</textcolor>
                        <selectedcolor>$INFO[Skin.String(ButtonFocusTextColor)]</selectedcolor>
                        <align>center</align>
                        <aligny>center</aligny>
                        <info>ListItem.ChannelNumber</info>
                    </control>
                    
                    <!-- progress -->
                    <control type="progress">
                        <description>Progressbar</description>
                        <left>90</left>
                        <top>20</top>
                        <width>70</width>
                        <height>20</height>
                        <info>ListItem.Progress</info>
                        <texturebg border="5" colordiffuse="00ffffff">diffuse/panel.png</texturebg>
                        <lefttexture>-</lefttexture>
                        <midtexture border="5" colordiffuse="$INFO[Skin.String(ButtonFocusTextColor)]">diffuse/panel.png</midtexture>
                        <righttexture>-</righttexture>
                        <overlaytexture>-</overlaytexture>
                    </control>
                    <control type="image">
                        <description>Progress Bar Border</description>
                        <left>90</left>
                        <top>20</top>
                        <width>70</width>
                        <height>20</height>
                        <texture border="5" colordiffuse="$INFO[Skin.String(ButtonFocusTextColor)]">diffuse/thinborder.png</texture>
                    </control>
                    
                    <!--Channel Name + Program Title-->
                    <control type="label">
                        <left>180</left>
                        <width>800</width>
                        <height>100%</height>
                        <font>Reg24</font>
                        <textcolor>$INFO[Skin.String(ButtonFocusTextColor)]</textcolor>
                        <selectedcolor>$INFO[Skin.String(ButtonFocusTextColor)]</selectedcolor>
                        <align>left</align>
                        <aligny>center</aligny>
                        <label>[B]$INFO[ListItem.Label]: [/B]$INFO[ListItem.Title]</label>
                    </control>
                    
                    <!-- indicator -->
                    <include>WatchedIndicatorSmall</include>
                    
                    <!--Channel Icon-->
                    <control type="image">
                        <right>-8</right>
                        <width>100</width>
                        <texture fallback="DefaultTVShows.png">$INFO[ListItem.Icon]</texture>
                        <aspectratio>keep</aspectratio>
                        <visible>![ListItem.Isplaying | ListItem.IsRecording | ListItem.HasTimer]</visible>
                        <bordersize>8</bordersize>
                    </control>
                </focusedlayout>
            </control>
            
            <control type="scrollbar" id="60">
				<top>65</top>
                <left>1113</left>
                <height>840</height>
				<onup>60</onup>
				<ondown>60</ondown>
				<onleft>11</onleft>
                <onright>11</onright>
				<animation effect="fade" start="0" end="100" time="400" condition="Control.HasFocus(60) | Skin.HasSetting(EnableTouchSupport) | Container(11).Scrolling | Skin.HasSetting(alwaysShowScrollbars)">Conditional</animation>
				<animation effect="fade" start="100" end="0" time="400" condition="![Control.HasFocus(60) | Skin.HasSetting(EnableTouchSupport) | Container(11).Scrolling | Skin.HasSetting(alwaysShowScrollbars)]">Conditional</animation>
			</control>
            
            <!--details -->
            
            <!--Channel Name-->
            <control type="label">
                <left>1145</left>
                <top>65</top>
                <width>625</width>
                <height>60</height>
                <font>Reg34</font>
                <textcolor>$INFO[Skin.String(OSDSecondaryTextColor)]</textcolor>
                <selectedcolor>$INFO[Skin.String(OSDSecondaryTextColor)]</selectedcolor>
                <align>left</align>
                <aligny>top</aligny>
                <label>$INFO[Window(Home).Property(SkinHelper.Player.Title)]</label>
            </control>
            
            <!--Channel Icon-->
            <control type="image">
                <left>1145</left>
                <top>125</top>
                <width>140</width>
                <height>80</height>
                <texture fallback="DefaultTVShows.png">$INFO[Container(11).ListItem.Icon]</texture>
                <aspectratio align="left">keep</aspectratio>
            </control>
            
            
            <!-- progress -->
            <control type="progress">
                <description>Progressbar</description>
                <left>1305</left>
                <top>135</top>
                <width>460</width>
                <height>20</height>
                <info>Container(11).ListItem.Progress</info>
                <texturebg border="5" colordiffuse="00ffffff">diffuse/panel.png</texturebg>
                <lefttexture>-</lefttexture>
                <midtexture border="5" colordiffuse="$INFO[Skin.String(OSDPrimaryTextColor)]">diffuse/panel.png</midtexture>
                <righttexture>-</righttexture>
                <overlaytexture>-</overlaytexture>
            </control>
            <control type="image">
                <description>Progress Bar Border</description>
                <left>1305</left>
                <top>135</top>
                <width>460</width>
                <height>20</height>
                <texture border="5" colordiffuse="$INFO[Skin.String(OSDPrimaryTextColor)]">diffuse/thinborder.png</texture>
            </control>
            <control type="label">
                <left>1305</left>
                <top>170</top>
                <width>460</width>
                <height>20</height>
                <font>Reg26</font>
                <textcolor>$INFO[Skin.String(OSDPrimaryTextColor)]</textcolor>
                <selectedcolor>$INFO[Skin.String(OSDPrimaryTextColor)]</selectedcolor>
                <align>left</align>
                <aligny>center</aligny>
                <label>$INFO[Container(11).ListItem.StartTime]</label>
            </control>
            <control type="label">
                <left>1305</left>
                <top>170</top>
                <width>460</width>
                <height>20</height>
                <font>Reg26</font>
                <textcolor>$INFO[Skin.String(OSDPrimaryTextColor)]</textcolor>
                <selectedcolor>$INFO[Skin.String(OSDPrimaryTextColor)]</selectedcolor>
                <align>right</align>
                <aligny>center</aligny>
                <label>$INFO[Container(11).ListItem.EndTime]</label>
            </control>
            
            <!--Program Title-->
            <control type="label">
                <left>1145</left>
                <top>230</top>
                <width>625</width>
                <height>60</height>
                <font>Reg34</font>
                <textcolor>$INFO[Skin.String(OSDSecondaryTextColor)]</textcolor>
                <selectedcolor>$INFO[Skin.String(OSDSecondaryTextColor)]</selectedcolor>
                <align>left</align>
                <aligny>center</aligny>
                <label>$INFO[Container(11).ListItem.Title]</label>
            </control>
            
            <!--Plot-->
            <control type="textbox">
                <left>1145</left>
                <top>290</top>
                <width>625</width>
                <height>430</height>
                <font>Reg26</font>
                <textcolor>$INFO[Skin.String(OSDPrimaryTextColor)]</textcolor>
                <selectedcolor>$INFO[Skin.String(OSDPrimaryTextColor)]</selectedcolor>
                <align>justify</align>
                <aligny>top</aligny>
                <label>$INFO[Container(11).ListItem.Plot]</label>
            </control>
            <!--genre-->
            <control type="label">
                <bottom>100</bottom>
                <left>1145</left>
                <width>625</width>
                <height>30</height>
                <font>Reg26</font>
                <textcolor>$INFO[Skin.String(OSDPrimaryTextColor)]</textcolor>
                <selectedcolor>$INFO[Skin.String(OSDPrimaryTextColor)]</selectedcolor>
                <align>left</align>
                <aligny>bottom</aligny>
                <label>[COLOR=$INFO[Skin.String(OSDSecondaryTextColor)]]$LOCALIZE[515]: [/COLOR]$INFO[Container(11).ListItem.Genre]</label>
                <visible>!IsEmpty(Container(11).ListItem.Genre)</visible>
            </control>
            
            <!--Next program-->
            <control type="label">
                <bottom>65</bottom>
                <left>1145</left>
                <width>625</width>
                <height>30</height>
                <font>Reg26</font>
                <textcolor>$INFO[Skin.String(OSDPrimaryTextColor)]</textcolor>
                <selectedcolor>$INFO[Skin.String(OSDPrimaryTextColor)]</selectedcolor>
                <align>left</align>
                <aligny>bottom</aligny>
                <label>[COLOR=$INFO[Skin.String(OSDSecondaryTextColor)]]$LOCALIZE[19031]: [/COLOR]$INFO[Container(11).ListItem.NextTitle]</label>
                <visible>!IsEmpty(Container(11).ListItem.NextTitle)</visible>
            </control>
            
        </control>

    </include>


</includes>