<?xml version="1.0" encoding="utf-8"?>
<!--Titan-->
<window>
    <defaultcontrol always="true">11</defaultcontrol>
	<allowoverlay>no</allowoverlay>
	<views>10,11,12,13</views>
    <menucontrol>9000</menucontrol>
    <onunload>ClearProperty(pvrGuideOnFullscreenVideo,home)</onunload>
    <controls>
        <control type="group">
            <visible>IsEmpty(Window(home).Property(pvrGuideOnFullscreenVideo))</visible>
            <!--Global Background-->
            <include>GlobalBackground</include>
            <!--Header-->
            <include>Header</include>
            <!--NowPlaying-->
            <include condition="!Skin.HasTheme(classic) + IsEmpty(Window(home).Property(pvrGuideOnFullscreenVideo))">NowPlayingModern</include>
                 <!--Footer-->
            <control type="group">
                <visible>!Skin.HasSetting(GuideShowInfo)</visible>
                <include condition="!skin.hassetting(nofooterbar)">Footer</include>
            </control>
		</control>
         <include condition="!IsEmpty(Window(home).Property(pvrGuideOnFullscreenVideo))">NowPlayingBackground</include>
         <!--Hidden-->
        <control type="label" id="29">
            <description>Empty so we can pass the values up one level</description>
            <visible>False</visible>
        </control>
        <control type="label" id="30">
            <description>Empty so we can pass the values up one level</description>
            <visible>False</visible>
        </control>
        <control type="button" id="9200">
            <description>Empty so we can pass the values up one level</description>
            <visible allowhiddenfocus="true">False</visible>
            <onfocus>FullScreen</onfocus>
            <onfocus>ClearProperty(pvrGuideOnFullscreenVideo,home)</onfocus>
        </control>
        <!--PVR Views-->
 
        <control type="group" id="5000">
			<include>animation_window_open_close</include>
			<posx>10</posx>
			<posy>-30</posy>
			<animation effect="slide" end="0,-80" time="0" condition="Skin.HasSetting(GuideShowInfo)">Conditional</animation>
            <control type="group">
                <!--Panel-->
                <include>animation_view_change_pvr</include>

                <!-- background panel EPG when no info -->
				<control type="image">
					<posy>260</posy>
					<posx>40</posx>
					<width>1820</width>
					<height>730</height>
					<texture border="15">diffuse/bgpanel.png</texture>
					<colordiffuse>$VAR[ViewDetailsPanelColor]</colordiffuse>
					<aspectratio>stretch</aspectratio>
                    <visible>!Skin.HasSetting(PVRGuideHidepanel)</visible>
					<visible>!Skin.HasSetting(GuideShowInfo) + IsEmpty(Window(home).Property(pvrGuideOnFullscreenVideo))</visible>
				</control>
                <!-- background panel EPG when active as half guide on top of video -->
                <control type="image">
					<posy>770</posy>
					<posx>-10</posx>
					<width>1920</width>
					<height>500</height>
					<texture border="15">diffuse/bgpanel.png</texture>
					<colordiffuse>$INFO[Skin.String(OSDPanelColor)]</colordiffuse>
					<aspectratio>stretch</aspectratio>
					<visible>!IsEmpty(Window(home).Property(pvrGuideOnFullscreenVideo))</visible>
				</control>
				
                <!-- background panel EPG when info enabled -->
				<control type="image">
					<posy>270</posy>
					<posx>40</posx>
					<width>1820</width>
					<height>1000</height>
					<texture border="15">diffuse/bgpanel.png</texture>
					<colordiffuse>$VAR[ViewDetailsPanelColor]</colordiffuse>
					<aspectratio>stretch</aspectratio>
                     <visible>!Skin.HasSetting(PVRGuideHidepanel)</visible>
					<visible>Skin.HasSetting(GuideShowInfo) + IsEmpty(Window(home).Property(pvrGuideOnFullscreenVideo))</visible>
				</control>
				
				<control type="image">
					<posy>309</posy>
					<posx>50</posx>
					<width>500</width>
					<height>631</height>
					<texture border="0">pvr/guide_diffuse.png</texture>
					<aspectratio>stretch</aspectratio>
					<visible>[skin.string(GuideRows, 7) | skin.string(GuideRows, 8)] + control.isvisible(10)</visible>
					<visible>!Skin.HasSetting(HideChannelNamesInGuide) + IsEmpty(Window(home).Property(pvrGuideOnFullscreenVideo))</visible>
				</control>
				<control type="image">
					<posy>309</posy>
					<posx>50</posx>
					<width>500</width>
					<height>631</height>
					<texture border="0">pvr/guide_diffuse.png</texture>
					<aspectratio>stretch</aspectratio>
					<visible>[skin.string(GuideRows, 7) | skin.string(GuideRows, 8)] + control.isvisible(10)</visible>
					<visible>!Skin.HasSetting(HideChannelNamesInGuide) + IsEmpty(Window(home).Property(pvrGuideOnFullscreenVideo))</visible>
				</control>
                <control type="image">
					<posy>309</posy>
					<posx>50</posx>
					<width>250</width>
					<height>631</height>
					<texture border="0">pvr/guide_diffuse.png</texture>
					<aspectratio>stretch</aspectratio>
					<visible>[skin.string(GuideRows, 7) | skin.string(GuideRows, 8)] + control.isvisible(10)</visible>
					<visible>Skin.HasSetting(HideChannelNamesInGuide) + IsEmpty(Window(home).Property(pvrGuideOnFullscreenVideo))</visible>
				</control>
				<control type="image">
					<posy>309</posy>
					<posx>50</posx>
					<width>200</width>
					<height>631</height>
					<texture border="0">pvr/guide_diffuse.png</texture>
					<aspectratio>stretch</aspectratio>
					<visible>!skin.string(GuideRows, 7) + !skin.string(GuideRows, 8) + control.isvisible(10)</visible>
					<visible>Skin.HasSetting(HideChannelNamesInGuide) + IsEmpty(Window(home).Property(pvrGuideOnFullscreenVideo))</visible>
				</control>
				
				<control type="image">
					<!--Seperator-->
					<posy>307</posy>
					<posx>-68</posx>
					<width>2040</width>
					<height>10</height>
					<align>left</align>
					<texture border="10">common/menu-separator.png</texture>
                    <visible>IsEmpty(Window(home).Property(pvrGuideOnFullscreenVideo))</visible>
				</control>
				<control type="image">
					<!--Seperator-->
					<posy>940</posy>
					<posx>-68</posx>
					<width>2040</width>
					<height>10</height>
					<align>left</align>
					<texture border="10">common/menu-separator.png</texture>
                    <visible>IsEmpty(Window(home).Property(pvrGuideOnFullscreenVideo))</visible>
				</control>
				
				<!-- info panel -->
				<control type="group">
					<posx>60</posx>
					<posy>965</posy>
					<visible>Skin.HasSetting(GuideShowInfo) + IsEmpty(Window(home).Property(pvrGuideOnFullscreenVideo))</visible>
					<control type="image">
						<!--Icon-->
						<right>60</right>
						<posy>0</posy>
						<width>300</width>
						<height>210</height>
						<texture fallback="DefaultAddonTvInfo.png" diffuse="home/home_matte2.png">$VAR[PVRThumb]</texture>
						<aspectratio align="right">keep</aspectratio>
						<visible>![VideoPlayer.Content(livetv) + Skin.HasSetting(PVRShowPreview)]</visible>
					</control>
                    <!-- black background behind video -->
                    <control type="image">
                        <texture>colors/color_black.png</texture>
                        <right>60</right>
						<posy>0</posy>
						<width>300</width>
						<height>210</height>
						<visible>VideoPlayer.Content(livetv) + Skin.HasSetting(PVRShowPreview)</visible>
                    </control>
					<!--Video Window -->
					<control type="videowindow">
						<right>60</right>
						<posy>0</posy>
						<width>300</width>
						<height>210</height>
						<visible>VideoPlayer.Content(livetv) + Skin.HasSetting(PVRShowPreview)</visible>
					</control>
					<control type="label">
						<!--title-->
						<posx>0</posx>
						<posy>0</posy>
						<width>1460</width>
						<height>20</height>
						<font>Reg28</font>
						<textcolor>$INFO[Skin.String(ViewDetailsHighlightTextColor)]</textcolor>
						<label>[B]$INFO[ListItem.Label]$INFO[ListItem.EpisodeName, (,)][/B]</label>
						<aligny>top</aligny>
                        <wrapmultiline>false</wrapmultiline>
					</control>
					<control type="label">
						<!--time,duration,genre-->
						<posx>0</posx>
						<posy>45</posy>
						<width>1460</width>
						<height>80</height>
						<font>Reg26</font>
						<textcolor>$INFO[Skin.String(ViewDetailsTextColor)]</textcolor>
						<label>$INFO[ListItem.StartTime]$INFO[ListItem.EndTime, - ]$INFO[ListItem.Season, • $LOCALIZE[20373] ]$INFO[ListItem.Episode, • $LOCALIZE[20359] ]$INFO[ListItem.Genre, • ]</label>
						<aligny>top</aligny>
					</control>
					<control type="textbox">
						<!--Info Plot-->
						<posx>0</posx>
						<posy>85</posy>
						<height>125</height>
						<width>1460</width>
						<font>Reg28</font>
						<textcolor>$INFO[Skin.String(ViewDetailsTextColor)]</textcolor>
						<label fallback="161">$INFO[ListItem.Plot]</label>
					</control>
				</control>
			</control>
            <control type="group">
                <!-- timeline view ID=10-->
                <control type="epggrid" id="10">
                    <viewtype label="19032">list</viewtype>
                    <description>EPG Grid</description>
                    <include>animation_view_change_pvr</include>
                    <include condition="!IsEmpty(Window(home).Property(pvrGuideOnFullscreenVideo)) + Skin.string(GuideRows, 7)">altEpgOnScreen7</include>
                    <include condition="!IsEmpty(Window(home).Property(pvrGuideOnFullscreenVideo)) + Skin.string(GuideRows, 9)">altEpgOnScreen9</include>
                    <include condition="!IsEmpty(Window(home).Property(pvrGuideOnFullscreenVideo)) + Skin.string(GuideRows, 10)">altEpgOnScreen10</include>
                    <top>275</top>
                    <height>665</height>
                    <left>50</left>
                    <width>1800</width>
                    <pagecontrol>10</pagecontrol>
                    <timeblocks>40</timeblocks>
                    <rulerunit>6</rulerunit>
                    <onleft>9000</onleft>
                    <scrolltime tween="quadratic">300</scrolltime>
                    <onback condition="Skin.HasSetting(PVRGuideBackSideblade) + IsEmpty(Window(home).Property(pvrGuideOnFullscreenVideo))">9000</onback>
                    <onback condition="!IsEmpty(Window(home).Property(pvrGuideOnFullscreenVideo))">9200</onback>
                    <include condition="!Skin.HasSetting(UseAltEpgProgress)">EpgProgressIndicatorNormal</include>
                    <include condition="Skin.HasSetting(UseAltEpgProgress)">EpgProgressIndicatorAlt</include>
                    <onleft>31</onleft>
                    <onright>31</onright>
                    <onup>10</onup>
                    <ondown>10</ondown>
                    <rulerlayout height="35" width="60" condition="skin.string(GuideRows, 10)">
                        <!--Date, Time Top Line-->
                        <control type="label" id="2">
                            <!--Date, Time-->
                            <posx>0</posx>
                            <width>60</width>
                            <height>30</height>
                            <align>left</align>
                            <font>Reg24</font>
                            <textcolor>$INFO[Skin.String(ViewDetailsTextColor)]</textcolor>
                            <label>$INFO[ListItem.Label]</label>
                        </control>
                    </rulerlayout>
                    <rulerlayout height="35" width="60" condition="!skin.string(GuideRows, 10)">
                        <!--Date, Time Top Line-->
                        <control type="label" id="2">
                            <!--Date, Time-->
                            <posx>0</posx>
                            <width>60</width>
                            <height>30</height>
                            <align>left</align>
                            <font>Reg28</font>
                            <textcolor>$INFO[Skin.String(ViewDetailsTextColor)]</textcolor>
                            <label>$INFO[ListItem.Label]</label>
                        </control>
                    </rulerlayout>
                    
                    <!-- guide 10 rows -->
                    <channellayout height="63" width="400" condition="skin.string(GuideRows, 10) + !Skin.HasSetting(HideChannelNamesInGuide)">
                        <include name="PVRGuideChannelItemLayout" content="PVRGuideChannelItemLayout">
                            <param name="panelcolor" value="$INFO[Skin.String(PVRGuideItemColorUnfocus)]" />
                            <param name="textcolor" value="$INFO[Skin.String(PVRGuideItemTextColorUnfocus)]" />
                            <param name="font" value="Reg26" />
                        </include>
                    </channellayout>
                    <focusedchannellayout height="63" width="400" condition="skin.string(GuideRows, 10) + !Skin.HasSetting(HideChannelNamesInGuide)">
                        <include name="PVRGuideChannelItemLayout" content="PVRGuideChannelItemLayout" condition="!Skin.HasSetting(pvrGuideHighlightChannel)">
                            <param name="panelcolor" value="$INFO[Skin.String(PVRGuideItemColorUnfocus)]" />
                            <param name="textcolor" value="$INFO[Skin.String(PVRGuideItemTextColorUnfocus)]" />
                            <param name="font" value="Reg26" />
                        </include>
                        <include name="PVRGuideChannelItemLayout" content="PVRGuideChannelItemLayout" condition="Skin.HasSetting(pvrGuideHighlightChannel)">
                            <param name="panelcolor" value="$INFO[Skin.String(PVRGuideItemColorFocus)]" />
                            <param name="textcolor" value="$INFO[Skin.String(PVRGuideItemTextColorFocus)]" />
                            <param name="font" value="Reg26" />
                        </include>
                    </focusedchannellayout>
                    <channellayout height="63" width="200" condition="skin.string(GuideRows, 10) + Skin.HasSetting(HideChannelNamesInGuide)">
                        <include name="PVRGuideChannelItemLayout" content="PVRGuideChannelItemLayout">
                            <param name="panelcolor" value="$INFO[Skin.String(PVRGuideItemColorUnfocus)]" />
                            <param name="textcolor" value="$INFO[Skin.String(PVRGuideItemTextColorUnfocus)]" />
                            <param name="font" value="Reg26" />
                        </include>
                    </channellayout>
                    <focusedchannellayout height="63" width="200" condition="skin.string(GuideRows, 10) + Skin.HasSetting(HideChannelNamesInGuide)">
                        <include name="PVRGuideChannelItemLayout" content="PVRGuideChannelItemLayout" condition="!Skin.HasSetting(pvrGuideHighlightChannel)">
                            <param name="panelcolor" value="$INFO[Skin.String(PVRGuideItemColorUnfocus)]" />
                            <param name="textcolor" value="$INFO[Skin.String(PVRGuideItemTextColorUnfocus)]" />
                            <param name="font" value="Reg26" />
                        </include>
                        <include name="PVRGuideChannelItemLayout" content="PVRGuideChannelItemLayout" condition="Skin.HasSetting(pvrGuideHighlightChannel)">
                            <param name="panelcolor" value="$INFO[Skin.String(PVRGuideItemColorFocus)]" />
                            <param name="textcolor" value="$INFO[Skin.String(PVRGuideItemTextColorFocus)]" />
                            <param name="font" value="Reg26" />
                        </include>
                    </focusedchannellayout>
                    <itemlayout height="63" width="60" condition="skin.string(GuideRows, 10)">
                        <include>PVRGuideItemLayout</include>
                    </itemlayout>
                    <focusedlayout height="63" width="60" condition="skin.string(GuideRows, 10)">
                        <include>PVRGuideItemLayoutFocus</include>
                    </focusedlayout>
                    
                    <!-- guide 7 rows -->
                    <channellayout height="90" width="500" condition="skin.string(GuideRows, 7) + !Skin.HasSetting(HideChannelNamesInGuide)">
                        <include name="PVRGuideChannelItemLayout" content="PVRGuideChannelItemLayout">
                            <param name="panelcolor" value="$INFO[Skin.String(PVRGuideItemColorUnfocus)]" />
                            <param name="textcolor" value="$INFO[Skin.String(PVRGuideItemTextColorUnfocus)]" />
                            <param name="font" value="Reg31" />
                        </include>
                    </channellayout>
                    <focusedchannellayout height="90" width="500" condition="skin.string(GuideRows, 7) + !Skin.HasSetting(HideChannelNamesInGuide)">
                        <include name="PVRGuideChannelItemLayout" content="PVRGuideChannelItemLayout" condition="!Skin.HasSetting(pvrGuideHighlightChannel)">
                            <param name="panelcolor" value="$INFO[Skin.String(PVRGuideItemColorUnfocus)]" />
                            <param name="textcolor" value="$INFO[Skin.String(PVRGuideItemTextColorUnfocus)]" />
                            <param name="font" value="Reg31" />
                        </include>
                        <include name="PVRGuideChannelItemLayout" content="PVRGuideChannelItemLayout" condition="Skin.HasSetting(pvrGuideHighlightChannel)">
                            <param name="panelcolor" value="$INFO[Skin.String(PVRGuideItemColorFocus)]" />
                            <param name="textcolor" value="$INFO[Skin.String(PVRGuideItemTextColorFocus)]" />
                            <param name="font" value="Reg31" />
                        </include>
                    </focusedchannellayout>
                    <channellayout height="90" width="250" condition="skin.string(GuideRows, 7) + Skin.HasSetting(HideChannelNamesInGuide)">
                        <include name="PVRGuideChannelItemLayout" content="PVRGuideChannelItemLayout">
                            <param name="panelcolor" value="$INFO[Skin.String(PVRGuideItemColorUnfocus)]" />
                            <param name="textcolor" value="$INFO[Skin.String(PVRGuideItemTextColorUnfocus)]" />
                            <param name="font" value="Reg31" />
                        </include>
                    </channellayout>
                    <focusedchannellayout height="90" width="250" condition="skin.string(GuideRows, 7) + Skin.HasSetting(HideChannelNamesInGuide)">
                        <include name="PVRGuideChannelItemLayout" content="PVRGuideChannelItemLayout" condition="!Skin.HasSetting(pvrGuideHighlightChannel)">
                            <param name="panelcolor" value="$INFO[Skin.String(PVRGuideItemColorUnfocus)]" />
                            <param name="textcolor" value="$INFO[Skin.String(PVRGuideItemTextColorUnfocus)]" />
                            <param name="font" value="Reg31" />
                        </include>
                        <include name="PVRGuideChannelItemLayout" content="PVRGuideChannelItemLayout" condition="Skin.HasSetting(pvrGuideHighlightChannel)">
                            <param name="panelcolor" value="$INFO[Skin.String(PVRGuideItemColorFocus)]" />
                            <param name="textcolor" value="$INFO[Skin.String(PVRGuideItemTextColorFocus)]" />
                            <param name="font" value="Reg31" />
                        </include>
                    </focusedchannellayout>
                    <itemlayout height="90" width="60" condition="skin.string(GuideRows, 7)">
                        <include>PVRGuideItemLayout</include>
                    </itemlayout>
                    <focusedlayout height="90" width="60" condition="skin.string(GuideRows, 7)">
                        <include>PVRGuideItemLayoutFocus</include>
                    </focusedlayout>
                    
                    <!-- guide 8 rows -->
                    <channellayout height="79" width="500" condition="skin.string(GuideRows, 8) + !Skin.HasSetting(HideChannelNamesInGuide)">
                        <include name="PVRGuideChannelItemLayout" content="PVRGuideChannelItemLayout">
                            <param name="panelcolor" value="$INFO[Skin.String(PVRGuideItemColorUnfocus)]" />
                            <param name="textcolor" value="$INFO[Skin.String(PVRGuideItemTextColorUnfocus)]" />
                            <param name="font" value="Reg26" />
                        </include>
                    </channellayout>
                    <focusedchannellayout height="79" width="500" condition="skin.string(GuideRows, 8) + !Skin.HasSetting(HideChannelNamesInGuide)">
                        <include name="PVRGuideChannelItemLayout" content="PVRGuideChannelItemLayout" condition="!Skin.HasSetting(pvrGuideHighlightChannel)">
                            <param name="panelcolor" value="$INFO[Skin.String(PVRGuideItemColorUnfocus)]" />
                            <param name="textcolor" value="$INFO[Skin.String(PVRGuideItemTextColorUnfocus)]" />
                            <param name="font" value="Reg26" />
                        </include>
                        <include name="PVRGuideChannelItemLayout" content="PVRGuideChannelItemLayout" condition="Skin.HasSetting(pvrGuideHighlightChannel)">
                            <param name="panelcolor" value="$INFO[Skin.String(PVRGuideItemColorFocus)]" />
                            <param name="textcolor" value="$INFO[Skin.String(PVRGuideItemTextColorFocus)]" />
                            <param name="font" value="Reg26" />
                        </include>
                    </focusedchannellayout>
                    <channellayout height="79" width="250" condition="skin.string(GuideRows, 8) + Skin.HasSetting(HideChannelNamesInGuide)">
                        <include name="PVRGuideChannelItemLayout" content="PVRGuideChannelItemLayout">
                            <param name="panelcolor" value="$INFO[Skin.String(PVRGuideItemColorUnfocus)]" />
                            <param name="textcolor" value="$INFO[Skin.String(PVRGuideItemTextColorUnfocus)]" />
                            <param name="font" value="Reg26" />
                        </include>
                    </channellayout>
                    <focusedchannellayout height="79" width="250" condition="skin.string(GuideRows, 8) + Skin.HasSetting(HideChannelNamesInGuide)">
                        <include name="PVRGuideChannelItemLayout" content="PVRGuideChannelItemLayout" condition="!Skin.HasSetting(pvrGuideHighlightChannel)">
                            <param name="panelcolor" value="$INFO[Skin.String(PVRGuideItemColorUnfocus)]" />
                            <param name="textcolor" value="$INFO[Skin.String(PVRGuideItemTextColorUnfocus)]" />
                            <param name="font" value="Reg26" />
                        </include>
                        <include name="PVRGuideChannelItemLayout" content="PVRGuideChannelItemLayout" condition="Skin.HasSetting(pvrGuideHighlightChannel)">
                            <param name="panelcolor" value="$INFO[Skin.String(PVRGuideItemColorFocus)]" />
                            <param name="textcolor" value="$INFO[Skin.String(PVRGuideItemTextColorFocus)]" />
                            <param name="font" value="Reg26" />
                        </include>
                    </focusedchannellayout>
                    <itemlayout height="79" width="60" condition="skin.string(GuideRows, 8)">
                        <include>PVRGuideItemLayout</include>
                    </itemlayout>
                    <focusedlayout height="79" width="60" condition="skin.string(GuideRows, 8)">
                        <include>PVRGuideItemLayoutFocus</include>
                    </focusedlayout>
                    
                    <!-- guide 9 rows -->
                    <channellayout height="70" width="400" condition="skin.string(GuideRows, 9) + !Skin.HasSetting(HideChannelNamesInGuide)">
                        <include name="PVRGuideChannelItemLayout" content="PVRGuideChannelItemLayout">
                            <param name="panelcolor" value="$INFO[Skin.String(PVRGuideItemColorUnfocus)]" />
                            <param name="textcolor" value="$INFO[Skin.String(PVRGuideItemTextColorUnfocus)]" />
                            <param name="font" value="Reg26" />
                        </include>
                    </channellayout>
                    <focusedchannellayout height="70" width="400" condition="skin.string(GuideRows, 9) + !Skin.HasSetting(HideChannelNamesInGuide)">
                        <include name="PVRGuideChannelItemLayout" content="PVRGuideChannelItemLayout" condition="!Skin.HasSetting(pvrGuideHighlightChannel)">
                            <param name="panelcolor" value="$INFO[Skin.String(PVRGuideItemColorUnfocus)]" />
                            <param name="textcolor" value="$INFO[Skin.String(PVRGuideItemTextColorUnfocus)]" />
                            <param name="font" value="Reg26" />
                        </include>
                        <include name="PVRGuideChannelItemLayout" content="PVRGuideChannelItemLayout" condition="Skin.HasSetting(pvrGuideHighlightChannel)">
                            <param name="panelcolor" value="$INFO[Skin.String(PVRGuideItemColorFocus)]" />
                            <param name="textcolor" value="$INFO[Skin.String(PVRGuideItemTextColorFocus)]" />
                            <param name="font" value="Reg26" />
                        </include>
                    </focusedchannellayout>
                    <channellayout height="70" width="200" condition="skin.string(GuideRows, 9) + Skin.HasSetting(HideChannelNamesInGuide)">
                        <include name="PVRGuideChannelItemLayout" content="PVRGuideChannelItemLayout">
                            <param name="panelcolor" value="$INFO[Skin.String(PVRGuideItemColorUnfocus)]" />
                            <param name="textcolor" value="$INFO[Skin.String(PVRGuideItemTextColorUnfocus)]" />
                            <param name="font" value="Reg26" />
                        </include>
                    </channellayout>
                    <focusedchannellayout height="70" width="200" condition="skin.string(GuideRows, 9) + Skin.HasSetting(HideChannelNamesInGuide)">
                        <include name="PVRGuideChannelItemLayout" content="PVRGuideChannelItemLayout" condition="!Skin.HasSetting(pvrGuideHighlightChannel)">
                            <param name="panelcolor" value="$INFO[Skin.String(PVRGuideItemColorUnfocus)]" />
                            <param name="textcolor" value="$INFO[Skin.String(PVRGuideItemTextColorUnfocus)]" />
                            <param name="font" value="Reg26" />
                        </include>
                        <include name="PVRGuideChannelItemLayout" content="PVRGuideChannelItemLayout" condition="Skin.HasSetting(pvrGuideHighlightChannel)">
                            <param name="panelcolor" value="$INFO[Skin.String(PVRGuideItemColorFocus)]" />
                            <param name="textcolor" value="$INFO[Skin.String(PVRGuideItemTextColorFocus)]" />
                            <param name="font" value="Reg26" />
                        </include>
                    </focusedchannellayout>
                    <itemlayout height="70" width="60" condition="skin.string(GuideRows, 9)">
                        <include>PVRGuideItemLayout</include>
                    </itemlayout>
                    <focusedlayout height="70" width="60" condition="skin.string(GuideRows, 9)">
                        <include>PVRGuideItemLayoutFocus</include>
                    </focusedlayout>
                    
                </control>
                    
				<!-- now view ID=11-->
				<control type="list" id="11">
					<!--List ID=16-->
					<viewtype label="19030">list</viewtype>
					<include>animation_view_change_pvr</include>
					<top>310</top>
					<height>640</height>
					<left>50</left>
					<width>1800</width>
					<onup>11</onup>
					<ondown>11</ondown>
					<onleft>9000</onleft>
					<onright>161</onright>
					<pagecontrol>161</pagecontrol>
					<scrolltime>200</scrolltime>
					<itemlayout height="80">
						<control type="label">
							<!--Time-->
							<posx>10</posx>
							<posy>0</posy>
							<width>150</width>
							<height>80</height>
							<font>Reg27</font>
							<textcolor>$INFO[Skin.String(ViewDetailsTextColor)]</textcolor>
							<info>ListItem.StartTime</info>
						</control>
						<control type="label">
							<!--Channel Number-->
							<posx>150</posx>
							<posy>0</posy>
							<width>80</width>
							<height>80</height>
							<font>Reg27</font>
							<textcolor>$INFO[Skin.String(ViewDetailsTextColor)]</textcolor>
							<info>ListItem.ChannelNumberLabel</info>
						</control>
						<control type="image">
							<!--Icon-->
							<posx>205</posx>
							<posy>17</posy>
							<width>45</width>
							<height>45</height>
							<info>ListItem.Icon</info>
						</control>
						<control type="label">
							<!--Channel Name-->
							<posx>305</posx>
							<posy>0</posy>
							<width>400</width>
							<height>80</height>
							<font>Reg28</font>
							<textcolor>$INFO[Skin.String(ViewDetailsTextColor)]</textcolor>
							<info>ListItem.ChannelName</info>
						</control>
						<control type="label">
							<!--Current Play-->
							<posx>625</posx>
							<posy>0</posy>
							<width>600</width>
							<height>80</height>
							<font>Reg28</font>
							<textcolor>$INFO[Skin.String(ViewDetailsTextColor)]</textcolor>
							<info>ListItem.Label</info>
						</control>
						<control type="image">
							<!--REC Icon-->
							<posx>1370</posx>
							<posy>8</posy>
							<width>64</width>
							<height>64</height>
							<texture>pvr/icons/pvr_record.png</texture>
							<visible>ListItem.IsRecording</visible>
							<aspectratio align="center" aligny="center">keep</aspectratio>
						</control>
						<control type="label">
							<!--REC Label-->
							<posx>1450</posx>
							<posy>0</posy>
							<width>200</width>
							<height>80</height>
							<font>Reg28</font>
							<textcolor>red</textcolor>
							<label>31083</label>
							<visible>ListItem.IsRecording</visible>
						</control>
						<control type="image">
							<!--TIME Icon-->
							<posx>1370</posx>
							<posy>8</posy>
							<width>64</width>
							<height>64</height>
							<texture>pvr/icons/pvr_timer.png</texture>
							<visible>ListItem.HasTimer + !ListItem.IsRecording</visible>
							<aspectratio align="center" aligny="center">keep</aspectratio>
						</control>
						<control type="label">
							<!--TIME Label-->
							<posx>1450</posx>
							<posy>0</posy>
							<width>200</width>
							<height>80</height>
							<font>Reg28</font>
							<textcolor>green</textcolor>
							<label>31084</label>
							<visible>ListItem.HasTimer</visible>
						</control>
						<control type="image">
							<!--Separator-->
							<posx>15</posx>
							<posy>80</posy>
							<width>1800</width>
							<height>20</height>
							<fadetime>400</fadetime>
							<colordiffuse>list_separator</colordiffuse>
							<texture>common/separator.png</texture>
						</control>
					</itemlayout>
					<focusedlayout height="80">
						<control type="image">
							<!--Slide-->
							<posx>0</posx>
							<posy>0</posy>
							<width>1800</width>
							<height>80</height>
							<texture diffuse="diffuse/panel.png" border="5" colordiffuse="$INFO[Skin.String(ButtonFocusColor)]">colors/color_white.png</texture>
						</control>
						<control type="label">
							<!--Time-->
							<posx>10</posx>
							<posy>0</posy>
							<width>150</width>
							<height>80</height>
							<font>Reg27</font>
							<textcolor>black</textcolor>
							<info>ListItem.StartTime</info>
						</control>
						<control type="label">
							<!--Channel Number-->
							<posx>150</posx>
							<posy>0</posy>
							<width>80</width>
							<height>80</height>
							<font>Reg27</font>
							<textcolor>black</textcolor>
							<info>ListItem.ChannelNumberLabel</info>
						</control>
						<control type="image">
							<!--Icon-->
							<posx>205</posx>
							<posy>17</posy>
							<width>45</width>
							<height>45</height>
							<info>ListItem.Icon</info>
						</control>
						<control type="label">
							<!--Channel Name-->
							<posx>305</posx>
							<posy>0</posy>
							<width>400</width>
							<height>80</height>
							<font>Reg28</font>
							<textcolor>black</textcolor>
							<info>ListItem.ChannelName</info>
						</control>
						<control type="label">
							<!--Current Play-->
							<posx>625</posx>
							<posy>0</posy>
							<width>600</width>
							<height>80</height>
							<font>Reg28</font>
							<textcolor>black</textcolor>
							<info>ListItem.Label</info>
						</control>
						<control type="image">
							<!--REC Icon-->
							<posx>1370</posx>
							<posy>8</posy>
							<width>64</width>
							<height>64</height>
							<texture>pvr/icons/pvr_record.png</texture>
							<visible>ListItem.IsRecording</visible>
							<aspectratio align="center" aligny="center">keep</aspectratio>
						</control>
						<control type="label">
							<!--REC Label-->
							<posx>1450</posx>
							<posy>0</posy>
							<width>200</width>
							<height>80</height>
							<font>Reg28</font>
							<textcolor>red</textcolor>
							<label>31083</label>
							<visible>ListItem.IsRecording</visible>
						</control>
						<control type="image">
							<!--TIME Icon-->
							<posx>1370</posx>
							<posy>8</posy>
							<width>64</width>
							<height>64</height>
							<texture>pvr/icons/pvr_timer.png</texture>
							<visible>ListItem.HasTimer + !ListItem.IsRecording</visible>
							<aspectratio align="center" aligny="center">keep</aspectratio>
						</control>
						<control type="label">
							<!--TIME Label-->
							<posx>1450</posx>
							<posy>0</posy>
							<width>200</width>
							<height>80</height>
							<font>Reg28</font>
							<textcolor>green</textcolor>
							<label>31084</label>
							<visible>ListItem.HasTimer</visible>
						</control>
						<control type="image">
							<!--Separator-->
							<posx>15</posx>
							<posy>80</posy>
							<width>2000</width>
							<height>20</height>
							<fadetime>400</fadetime>
							<colordiffuse>list_separator</colordiffuse>
							<texture>common/separator.png</texture>
						</control>
					</focusedlayout>
				</control>
				
				<!-- next view ID=12-->
				<control type="list" id="12">
					<!--List ID=16-->
					<viewtype label="19031">list</viewtype>
					<include>animation_view_change_pvr</include>
					<top>310</top>
					<height>640</height>
					<left>50</left>
					<width>1800</width>
					<onup>11</onup>
					<ondown>11</ondown>
					<onleft>9000</onleft>
					<onright>62</onright>
					<pagecontrol>62</pagecontrol>
					<scrolltime>200</scrolltime>
					<itemlayout height="80">
						<control type="label">
							<!--Time-->
							<posx>10</posx>
							<posy>0</posy>
							<width>150</width>
							<height>80</height>
							<font>Reg27</font>
							<textcolor>$INFO[Skin.String(ViewDetailsTextColor)]</textcolor>
							<info>ListItem.StartTime</info>
						</control>
						<control type="label">
							<!--Channel Number-->
							<posx>150</posx>
							<posy>0</posy>
							<width>80</width>
							<height>80</height>
							<font>Reg27</font>
							<textcolor>$INFO[Skin.String(ViewDetailsTextColor)]</textcolor>
							<info>ListItem.ChannelNumberLabel</info>
						</control>
						<control type="image">
							<!--Icon-->
							<posx>205</posx>
							<posy>17</posy>
							<width>45</width>
							<height>45</height>
							<info>ListItem.Icon</info>
						</control>
						<control type="label">
							<!--Channel Name-->
							<posx>305</posx>
							<posy>0</posy>
							<width>400</width>
							<height>80</height>
							<font>Reg28</font>
							<textcolor>$INFO[Skin.String(ViewDetailsTextColor)]</textcolor>
							<info>ListItem.ChannelName</info>
						</control>
						<control type="label">
							<!--Current Play-->
							<posx>625</posx>
							<posy>0</posy>
							<width>600</width>
							<height>80</height>
							<font>Reg28</font>
							<textcolor>$INFO[Skin.String(ViewDetailsTextColor)]</textcolor>
							<info>ListItem.Label</info>
						</control>
						<control type="image">
							<!--REC Icon-->
							<posx>1370</posx>
							<posy>8</posy>
							<width>64</width>
							<height>64</height>
							<texture>pvr/icons/pvr_record.png</texture>
							<visible>ListItem.IsRecording</visible>
							<aspectratio align="center" aligny="center">keep</aspectratio>
						</control>
						<control type="label">
							<!--REC Label-->
							<posx>1450</posx>
							<posy>0</posy>
							<width>200</width>
							<height>80</height>
							<font>Reg28</font>
							<textcolor>red</textcolor>
							<label>31083</label>
							<visible>ListItem.IsRecording</visible>
						</control>
						<control type="image">
							<!--TIME Icon-->
							<posx>1370</posx>
							<posy>8</posy>
							<width>64</width>
							<height>64</height>
							<texture>pvr/icons/pvr_timer.png</texture>
							<visible>ListItem.HasTimer + !ListItem.IsRecording</visible>
							<aspectratio align="center" aligny="center">keep</aspectratio>
						</control>
						<control type="label">
							<!--TIME Label-->
							<posx>1450</posx>
							<posy>0</posy>
							<width>200</width>
							<height>80</height>
							<font>Reg28</font>
							<textcolor>green</textcolor>
							<label>31084</label>
							<visible>ListItem.HasTimer</visible>
						</control>
						<control type="image">
							<!--Separator-->
							<posx>15</posx>
							<posy>80</posy>
							<width>1800</width>
							<height>20</height>
							<fadetime>400</fadetime>
							<colordiffuse>list_separator</colordiffuse>
							<texture>common/separator.png</texture>
						</control>
					</itemlayout>
					<focusedlayout height="80">
						<control type="image">
							<!--Slide-->
							<posx>0</posx>
							<posy>0</posy>
							<width>1800</width>
							<height>80</height>
							<texture diffuse="diffuse/panel.png" border="5" colordiffuse="$INFO[Skin.String(ButtonFocusColor)]">colors/color_white.png</texture>
						</control>
						<control type="label">
							<!--Time-->
							<posx>10</posx>
							<posy>0</posy>
							<width>150</width>
							<height>80</height>
							<font>Reg27</font>
							<textcolor>black</textcolor>
							<info>ListItem.StartTime</info>
						</control>
						<control type="label">
							<!--Channel Number-->
							<posx>150</posx>
							<posy>0</posy>
							<width>80</width>
							<height>80</height>
							<font>Reg27</font>
							<textcolor>black</textcolor>
							<info>ListItem.ChannelNumberLabel</info>
						</control>
						<control type="image">
							<!--Icon-->
							<posx>205</posx>
							<posy>17</posy>
							<width>45</width>
							<height>45</height>
							<info>ListItem.Icon</info>
						</control>
						<control type="label">
							<!--Channel Name-->
							<posx>305</posx>
							<posy>0</posy>
							<width>400</width>
							<height>80</height>
							<font>Reg28</font>
							<textcolor>black</textcolor>
							<info>ListItem.ChannelName</info>
						</control>
						<control type="label">
							<!--Current Play-->
							<posx>625</posx>
							<posy>0</posy>
							<width>600</width>
							<height>80</height>
							<font>Reg28</font>
							<textcolor>black</textcolor>
							<info>ListItem.Label</info>
						</control>
						<control type="image">
							<!--REC Icon-->
							<posx>1370</posx>
							<posy>8</posy>
							<width>64</width>
							<height>64</height>
							<texture>pvr/icons/pvr_record.png</texture>
							<visible>ListItem.IsRecording</visible>
							<aspectratio align="center" aligny="center">keep</aspectratio>
						</control>
						<control type="label">
							<!--REC Label-->
							<posx>1450</posx>
							<posy>0</posy>
							<width>200</width>
							<height>80</height>
							<font>Reg28</font>
							<textcolor>red</textcolor>
							<label>31083</label>
							<visible>ListItem.IsRecording</visible>
						</control>
						<control type="image">
							<!--TIME Icon-->
							<posx>1370</posx>
							<posy>8</posy>
							<width>64</width>
							<height>64</height>
							<texture>pvr/icons/pvr_timer.png</texture>
							<visible>ListItem.HasTimer + !ListItem.IsRecording</visible>
							<aspectratio align="center" aligny="center">keep</aspectratio>
						</control>
						<control type="label">
							<!--TIME Label-->
							<posx>1450</posx>
							<posy>0</posy>
							<width>200</width>
							<height>80</height>
							<font>Reg28</font>
							<textcolor>green</textcolor>
							<label>31084</label>
							<visible>ListItem.HasTimer</visible>
						</control>
						<control type="image">
							<!--Separator-->
							<posx>15</posx>
							<posy>80</posy>
							<width>2000</width>
							<height>20</height>
							<fadetime>400</fadetime>
							<colordiffuse>list_separator</colordiffuse>
							<texture>common/separator.png</texture>
						</control>
					</focusedlayout>
				</control>

                <!-- channels view ID=13-->
				<control type="list" id="13">
					<!--List ID=16-->
					<viewtype label="19029">list</viewtype>
					<include>animation_view_change_pvr</include>
					<top>310</top>
					<height>640</height>
					<left>50</left>
					<width>1800</width>
					<onup>11</onup>
					<ondown>11</ondown>
					<onleft>9000</onleft>
					<onright>62</onright>
					<pagecontrol>62</pagecontrol>
					<scrolltime>200</scrolltime>
					<itemlayout height="80">
						<control type="label">
							<!--Time-->
							<posx>10</posx>
							<posy>0</posy>
							<width>200</width>
							<height>80</height>
							<font>Reg27</font>
							<textcolor>$INFO[Skin.String(ViewDetailsTextColor)]</textcolor>
							<info>ListItem.StartTime</info>
						</control>
						<control type="image">
							<!--Icon-->
							<posx>205</posx>
							<posy>17</posy>
							<width>45</width>
							<height>45</height>
							<info>ListItem.Icon</info>
						</control>
						<control type="label">
							<!--Channel Name-->
							<posx>305</posx>
							<posy>0</posy>
							<width>400</width>
							<height>80</height>
							<font>Reg28</font>
							<textcolor>$INFO[Skin.String(ViewDetailsTextColor)]</textcolor>
							<info>ListItem.ChannelName</info>
						</control>
						<control type="label">
							<!--Current Play-->
							<posx>625</posx>
							<posy>0</posy>
							<width>600</width>
							<height>80</height>
							<font>Reg28</font>
							<textcolor>$INFO[Skin.String(ViewDetailsTextColor)]</textcolor>
							<info>ListItem.Label</info>
						</control>
						<include>PVRWatchedIndicator</include>
						<control type="image">
							<!--Separator-->
							<posx>15</posx>
							<posy>80</posy>
							<width>1800</width>
							<height>20</height>
							<fadetime>400</fadetime>
							<colordiffuse>list_separator</colordiffuse>
							<texture>common/separator.png</texture>
						</control>
					</itemlayout>
					<focusedlayout height="80">
						<control type="image">
							<!--Slide-->
							<posx>0</posx>
							<posy>0</posy>
							<width>1800</width>
							<height>80</height>
							<texture diffuse="diffuse/panel.png" border="5" colordiffuse="$INFO[Skin.String(ButtonFocusColor)]">colors/color_white.png</texture>
						</control>
						<control type="label">
							<!--Time-->
							<posx>10</posx>
							<posy>0</posy>
							<width>200</width>
							<height>80</height>
							<font>Reg27</font>
							<textcolor>black</textcolor>
							<info>ListItem.StartTime</info>
						</control>
						<control type="image">
							<!--Icon-->
							<posx>205</posx>
							<posy>17</posy>
							<width>45</width>
							<height>45</height>
							<info>ListItem.Icon</info>
						</control>
						<control type="label">
							<!--Channel Name-->
							<posx>305</posx>
							<posy>0</posy>
							<width>400</width>
							<height>80</height>
							<font>Reg28</font>
							<textcolor>black</textcolor>
							<info>ListItem.ChannelName</info>
						</control>
						<control type="label">
							<!--Current Play-->
							<posx>625</posx>
							<posy>0</posy>
							<width>600</width>
							<height>80</height>
							<font>Reg28</font>
							<textcolor>black</textcolor>
							<info>ListItem.Label</info>
						</control>
                        <include>PVRWatchedIndicator</include>
						<control type="image">
							<!--Separator-->
							<posx>15</posx>
							<posy>80</posy>
							<width>2000</width>
							<height>20</height>
							<fadetime>400</fadetime>
							<colordiffuse>list_separator</colordiffuse>
							<texture>common/separator.png</texture>
						</control>
					</focusedlayout>
				</control>

				<!--vertical Scollbar-->
				<control type="scrollbar" id="161">
					<visible>Control.IsVisible(11)</visible>
					<right>15</right>
					<posy>310</posy>
					<height>650</height>
					<onup>161</onup>
					<ondown>161</ondown>
					<onleft>11</onleft>
					<animation effect="fade" start="0" end="100" time="400" condition="Control.HasFocus(161) | Skin.HasSetting(EnableTouchSupport)">Conditional</animation>
					<animation effect="fade" start="100" end="0" time="400" condition="![Control.HasFocus(161) | Skin.HasSetting(EnableTouchSupport)]">Conditional</animation>
				</control>
				
				<!--vertical Scollbar-->
				<control type="scrollbar" id="62">
					<visible>Control.IsVisible(12)</visible>
					<right>15</right>
					<posy>310</posy>
					<height>650</height>
					<onup>62</onup>
					<ondown>62</ondown>
					<onleft>12</onleft>
					<animation effect="fade" start="0" end="100" time="400" condition="Control.HasFocus(62) | Skin.HasSetting(EnableTouchSupport)">Conditional</animation>
					<animation effect="fade" start="100" end="0" time="400" condition="![Control.HasFocus(62) | Skin.HasSetting(EnableTouchSupport)]">Conditional</animation>
				</control>
				
			</control>
	   </control>
    
		<!--Sub Menu-->
        <include condition="IsEmpty(Window(home).Property(pvrGuideOnFullscreenVideo))">SideBladeMenuTabLeft</include>
		<include condition="IsEmpty(Window(home).Property(pvrGuideOnFullscreenVideo))">SideBladeMenuTabTop</include>
		<include condition="IsEmpty(Window(home).Property(pvrGuideOnFullscreenVideo))">PVRsideblade</include>
		
		<!--NowPlaying-->
        <include condition="Skin.HasTheme(classic)">NowPlayingMusicClassic</include>
        <include condition="Skin.HasTheme(classic)">NowPlayingVideoClassic</include>
        
        <include condition="Skin.HasSetting(DebugGrid) | Skin.HasSetting(DebugInfo)">DebugInfo</include>
	</controls>
</window>