<?xml version="1.0" encoding="UTF-8"?>
<includes>
  
  
  <include name="View_509_PanelSquare">
    <control type="group">
      <visible>Control.IsVisible(509)</visible>
      <include>animation_view_change</include>
      <control type="panel" id="509">
        <viewtype label="31436">icons</viewtype>
        <posx>60</posx>
        <bottom>13%</bottom>
        <width>1820</width>
        <height>765</height>
        <orientation>vertical</orientation>
        <onleft>9000</onleft>
        <onright condition="Skin.HasSetting(EnableQuickJump)">6000</onright>
        <onright condition="!Skin.HasSetting(EnableQuickJump)">60</onright>
        <onup>509</onup>
        <ondown>509</ondown>
        <preloaditems>4</preloaditems>
        <pagecontrol>60</pagecontrol>
        <scrolltime tween="quadratic" easing="out">300</scrolltime>
		<visible>StringCompare(Window(Home).Property(SkinHelper.ForcedView),509) | IsEmpty(Window(Home).Property(SkinHelper.ForcedView))</visible>
        <itemlayout height="255" width="260">
            <control type="group">
                <width>240</width>
                <height>240</height>
                <include>SquarePosterPanelLayout</include>
            </control>
        </itemlayout>
        <focusedlayout height="255" width="260">
		  <control type="group">
                <width>240</width>
                <height>240</height>
                <include>SquarePosterPanelLayoutFocus</include>
            </control>
        </focusedlayout>
	  </control>
      
	  <!--vertical Scollbar-->
		<control type="scrollbar" id="60">
			<visible>Control.IsVisible(509) + IntegerGreaterThan(Container.Numitems,0)</visible>
			<right>15</right>
			<bottom>13%</bottom>
			<height>765</height>
			<onup>60</onup>
			<ondown>6000</ondown>
			<onleft>509</onleft>
			<animation effect="fade" start="0" end="100" time="400" condition="[Control.HasFocus(60) | Skin.HasSetting(EnableTouchSupport) | Container.Scrolling | Skin.HasSetting(alwaysShowScrollbars)] + !Control.IsVisible(6002)">Conditional</animation>
			<animation effect="fade" start="100" end="0" time="400" condition="![Control.HasFocus(60) | Skin.HasSetting(EnableTouchSupport) | Container.Scrolling | Skin.HasSetting(alwaysShowScrollbars)] | Control.IsVisible(6002)">Conditional</animation>
		</control>
	  
		
    </control>
	
	
  </include>
</includes>
