<favourites> 
	<favourite name="[COLOR red]--Music TV PARTY MODE --------------------------[/COLOR]" thumb="special://home/addons/23.png">NOTHING</favourite>
    <favourite name="CerebroTV Menu Updater" thumb="special://home/addons/script.program.menurefresh\icon.png">RunAddon(script.program.menurefresh)</favourite>
	<favourite name="Nirvana - Girls" thumb="https://i.ytimg.com/vi/GT181pVjkxY/hqdefault.jpg">PlayMedia(&quot;plugin://plugin.video.youtube/play/?video_id=hJEdgGuaEFM&quot;)</favourite>
    <favourite name="Jesus on E&apos;s - Full version (HD)" thumb="https://i.ytimg.com/vi/8D2JEkcdLNw/hqdefault.jpg">PlayMedia(&quot;plugin://plugin.video.youtube/play/?video_id=8D2JEkcdLNw&quot;)</favourite>
    <favourite name="Annie Mac from Radio 1 in Ibiza HD" thumb="https://i.ytimg.com/vi/ENykKt-4Izo/hqdefault.jpg">PlayMedia(&quot;plugin://plugin.video.youtube/play/?video_id=ENykKt-4Izo&quot;)</favourite>
    <favourite name="MK from Radio 1 in Ibiza HD" thumb="https://i.ytimg.com/vi/DIzQzbim9mU/hqdefault.jpg">PlayMedia(&quot;plugin://plugin.video.youtube/play/?video_id=DIzQzbim9mU&quot;)</favourite>
    <favourite name="Eric Prydz from Radio 1 in Ibiza 2014 HD" thumb="https://i.ytimg.com/vi/j2Sv0YFDDVA/hqdefault.jpg">PlayMedia(&quot;plugin://plugin.video.youtube/play/?video_id=j2Sv0YFDDVA&quot;)</favourite>
    <favourite name="Duke Dumont from Radio 1 in Ibiza HD" thumb="https://i.ytimg.com/vi/vWbzten6JEs/hqdefault.jpg">PlayMedia(&quot;plugin://plugin.video.youtube/play/?video_id=vWbzten6JEs&quot;)</favourite>
    <favourite name="B.Traits &amp; Monki from Radio 1 in Ibiza HD" thumb="https://i.ytimg.com/vi/CofUqQBDn7A/hqdefault.jpg">PlayMedia(&quot;plugin://plugin.video.youtube/play/?video_id=CofUqQBDn7A&quot;)</favourite>
    <favourite name="Ten Walls from Radio 1 in Ibiza HD" thumb="https://i.ytimg.com/vi/xOeL6diGjMY/hqdefault.jpg">PlayMedia(&quot;plugin://plugin.video.youtube/play/?video_id=xOeL6diGjMY&quot;)</favourite>
	<favourite name="4K Relaxing Fireplace with Crackling Fire Sounds 🔥 - No Music - 4K UHD - 2 Hours Screensaver" thumb="https://i.ytimg.com/vi/bmGsQkLb4yg/hqdefault.jpg">PlayMedia(&quot;plugin://plugin.video.youtube/play/?video_id=bmGsQkLb4yg&quot;)</favourite>
    <favourite name="4K Realtime Fireplace - Relaxing Fire Burning Video - 3 Hours - No Loop - Ultra HD - 2160p" thumb="https://i.ytimg.com/vi/Ux8xAuQBdkk/hqdefault.jpg">PlayMedia(&quot;plugin://plugin.video.youtube/play/?video_id=Ux8xAuQBdkk&quot;)</favourite>
    <favourite name="4K Relaxing Fireplace &amp; The Best Instrumental Christmas Music &amp; Crackling Fire Sounds 🔥 UHD 2 Hours" thumb="https://i.ytimg.com/vi/iGwawktAMRg/hqdefault.jpg">PlayMedia(&quot;plugin://plugin.video.youtube/play/?video_id=iGwawktAMRg&quot;)</favourite>
    <favourite name="4K Relaxing Fireplace &amp; The Best Instrumental Christmas Music &amp; Crackling Fire Sounds 🔥 UHD 2 Hours" thumb="https://i.ytimg.com/vi/mkFVVQrA2ys/hqdefault.jpg">PlayMedia(&quot;plugin://plugin.video.youtube/play/?video_id=mkFVVQrA2ys&quot;)</favourite>
    <favourite name="Fireplace - romantic - Full HD and 4K - 2 hours crackling logs Valentine&apos;s Day - Love" thumb="https://i.ytimg.com/vi/ZW6NmUsok2c/hqdefault.jpg">PlayMedia(&quot;plugin://plugin.video.youtube/play/?video_id=ZW6NmUsok2c&quot;)</favourite>
    <favourite name="Christmas Fireplace Scene with Crackling Fire Sounds (6 hours)" thumb="https://i.ytimg.com/vi/geDhhWvl1II/hqdefault.jpg">PlayMedia(&quot;plugin://plugin.video.youtube/play/?video_id=geDhhWvl1II&quot;)</favourite>
    <favourite name="Burning Fireplace with Crackling Fire Sounds (Full HD)" thumb="https://i.ytimg.com/vi/0fYL_qiDYf0/hqdefault.jpg">PlayMedia(&quot;plugin://plugin.video.youtube/play/?video_id=0fYL_qiDYf0&quot;)</favourite>
    <favourite name="10 Hours of a Fireplace Burning HD" thumb="https://i.ytimg.com/vi/rjKyHNtJKNk/hqdefault.jpg">PlayMedia(&quot;plugin://plugin.video.youtube/play/?video_id=rjKyHNtJKNk&quot;)</favourite>
</favourites>