<favourites> 
	<favourite name="[COLOR red]--4K Movies --------------------------[/COLOR]" thumb="special://home/addons/23.png">NOTHING</favourite>
    <favourite name="CerebroTV Menu Updater" thumb="special://home/addons/script.program.menurefresh\icon.png">RunAddon(script.program.menurefresh)</favourite>
    <favourite name="The Back Hole 1979 4K (CerebroTV 4K)">PlayMedia(&quot;plugin://plugin.video.playlistLoader/?logos=&amp;move=0&amp;mode=32&amp;index=5&amp;url=https%3A%2F%2Fonedrive.live.com%2Fdownload%3Fresid%3DE5C2A9AF5B2F057E%21109%26authkey%3D%21AEe3m_ITpFPgAi0%26ithint%3Dvideo%252cmp4&amp;iconimage=&amp;cache=0&amp;name=The+Back+Hole+1979+4K+%28CerebroTV+4K%29&quot;)</favourite>
    <favourite name="Finding Nemo 4K (CerebroTV 4K)">PlayMedia(&quot;plugin://plugin.video.playlistLoader/?logos=&amp;move=0&amp;mode=32&amp;index=7&amp;url=https%3A%2F%2Fonedrive.live.com%2Fdownload%3Fresid%3DE7D720E3559C4E44%21109%26authkey%3D%21ADBPh7SmoHb-uGM%26ithint%3Dvideo%252cmp4&amp;iconimage=&amp;cache=0&amp;name=Finding+Nemo+4K+%28CerebroTV+4K%29&quot;)</favourite>
    <favourite name="The Martian 4K (CerebroTV 4K)">PlayMedia(&quot;plugin://plugin.video.playlistLoader/?logos=&amp;move=0&amp;mode=32&amp;index=8&amp;url=https%3A%2F%2Fonedrive.live.com%2Fdownload%3Fresid%3D584AAD21BA3FA05B%21107%26authkey%3D%21AJtUAzylLpNMRwA%26ithint%3Dvideo%252cmp4&amp;iconimage=&amp;cache=0&amp;name=The+Martian+4K+%28CerebroTV+4K%29&quot;)</favourite>
    <favourite name="Independence Day 4K (CerebroTV 4K)">PlayMedia(&quot;plugin://plugin.video.playlistLoader/?logos=&amp;move=0&amp;mode=32&amp;index=10&amp;url=https%3A%2F%2Fonedrive.live.com%2Fdownload%3Fresid%3D3E39952403453384%21110%26authkey%3D%21APCcE_0X0WM48ko%26ithint%3Dvideo%252cmp4&amp;iconimage=&amp;cache=0&amp;name=Independence+Day+4K+%28CerebroTV+4K%29&quot;)</favourite>
    <favourite name="Timescapes 4K (CerebroTV 4K)">PlayMedia(&quot;plugin://plugin.video.playlistLoader/?logos=&amp;move=0&amp;mode=32&amp;index=11&amp;url=https%3A%2F%2Fonedrive.live.com%2Fdownload%3Fresid%3D95658B45F534366B%21106%26authkey%3D%21ALY0rEIWeLOtg-4%26ithint%3Dvideo%252cmp4&amp;iconimage=&amp;cache=0&amp;name=Timescapes+4K+%28CerebroTV+4K%29&quot;)</favourite>
    <favourite name="Sintel 4K (CerebroTV 4K)">PlayMedia(&quot;plugin://plugin.video.playlistLoader/?logos=&amp;move=0&amp;mode=32&amp;index=12&amp;url=https%3A%2F%2Fonedrive.live.com%2Fdownload%3Fresid%3D95658B45F534366B%21107%26authkey%3D%21ADFpJ9jBvQkhY9s%26ithint%3Dvideo%252cmp4&amp;iconimage=&amp;cache=0&amp;name=Sintel+4K+%28CerebroTV+4K%29&quot;)</favourite>
</favourites>