<favourites> 
	<favourite name="[COLOR red]--4K Movies --------------------------[/COLOR]" thumb="special://home/addons/23.png">NOTHING</favourite>
    <favourite name="[COLOR green]CerebroTV Menu Updater[/COLOR]" thumb="special://home/addons/script.program.menurefresh\icon.png">RunAddon(script.program.menurefresh)</favourite>
    <favourite name="The Back Hole 1979 4K (CerebroTV 4K)" thumb="https://images-na.ssl-images-amazon.com/images/I/51C7ASJKV0L.jpg">PlayMedia(&quot;plugin://plugin.video.playlistLoader/?logos=&amp;move=0&amp;mode=32&amp;index=5&amp;url=https%3A%2F%2Fonedrive.live.com%2Fdownload%3Fresid%3DE5C2A9AF5B2F057E%21109%26authkey%3D%21AEe3m_ITpFPgAi0%26ithint%3Dvideo%252cmp4&amp;iconimage=&amp;cache=0&amp;name=The+Back+Hole+1979+4K+%28CerebroTV+4K%29&quot;)</favourite>
    <favourite name="Independence Day 4K (CerebroTV 4K)" thumb="https://i.imgur.com/8RwFo1P.jpg">PlayMedia(&quot;plugin://plugin.video.playlistLoader/?logos=&amp;move=0&amp;mode=32&amp;index=10&amp;url=https%3A%2F%2Fonedrive.live.com%2Fdownload%3Fresid%3D3E39952403453384%21110%26authkey%3D%21APCcE_0X0WM48ko%26ithint%3Dvideo%252cmp4&amp;iconimage=&amp;cache=0&amp;name=Independence+Day+4K+%28CerebroTV+4K%29&quot;)</favourite>
    <favourite name="Superman Vs Batman (CeberoTV 4K)" thumb="https://i.imgur.com/w2EqAQw.jpg">PlayMedia(&quot;plugin://plugin.video.playlistLoader/?logos=&amp;cache=0&amp;name=Superman+Vs+Batman+%28CeberoTV+4K%29&amp;url=https%3A%2F%2Fwww69.uptostream.com%2F4ezkslr180f%2F2160%2F0%2Fvideo.mp4%7CCookie%3D__cfduid%253Dd0a3ca7f9cf280a6cc52b477853316c861514740483%253B%2Bexpires%253DMon%252C%2B31-Dec-18%2B17%253A14%253A43%2BGMT%253B%2Bpath%253D%252F%253B%2Bdomain%253D.uptostream.com%253B%2BHttpOnly%26Referer%3Dhttps%253A%252F%252Fuptostream.com%252Fiframe%252F5k7xfvjinpxx%26User-Agent%3DMozilla%252F5.0%2B%2528compatible%253B%2BMSIE%2B8.0%253B%2BWindows%2BNT%2B5.1%253B%2BWin64%253B%2BIA64%253B%2BTrident%252F6.0%2529&amp;iconimage=&amp;mode=32&quot;)</favourite>
    <favourite name="Deadpool (CerebroTV 4K)" thumb="https://i.imgur.com/7mAgPtE.jpg">PlayMedia(&quot;plugin://plugin.video.playlistLoader/?logos=&amp;cache=0&amp;name=Deadpool+%28CerebroTV+4K%29&amp;url=https%3A%2F%2Fwww9.uptostream.com%2F4ezjz0u2e3a%2F2160%2F3%2Fvideo.mp4%257CCookie%3D__cfduid%253Dd2e0cfaee138d62697f629c6d7d70afbb1514740119%253B%2Bexpires%253DMon%252C%2B31-Dec-18%2B17%253A08%253A39%2BGMT%253B%2Bpath%253D%252F%253B%2Bdomain%253D.uptostream.com%253B%2BHttpOnly%26Referer%3Dhttps%253A%252F%252Fuptostream.com%252Fiframe%252Fohsxj3wbgo96%26User-Agent%3DMozilla%252F5.0%2B%2528compatible%253B%2BMSIE%2B8.0%253B%2BWindows%2BNT%2B5.1%253B%2BWin64%253B%2BIA64%253B%2BTrident%252F6.0%2529&amp;iconimage=&amp;mode=32&quot;)</favourite>
	<favourite name="[COLOR aqua] More 4K Movies [/COLOR]" thumb="http://stephen-builds.uk/art/o.png">ActivateWindow(10025,&quot;plugin://plugin.video.supremacy/?fanart=http%3a%2f%2fstephen-builds.uk%2fart%2f20839702_10207884860798337_363786087_o.jpg&amp;mode=1&amp;name=%5bCOLOR%20aqua%5d4K%20Movies%5b%2fCOLOR%5d&amp;url=http%3a%2f%2fstephen-builds.uk%2fsupremacy%2f4K%2520Movies%2f4K%2520Movies.txt&quot;,return)</favourite>
</favourites>