<?xml version="1.0" encoding="utf-8"?>
<window type="dialog">
    <allowoverlay>no</allowoverlay>
    <defaultcontrol always="true">7004</defaultcontrol>
    <coordinates>
        <system>1</system>
        <posx>0</posx>
        <posy>0</posy>
    </coordinates>

    <controls>

        <control type="image">
            <posx>0</posx>
            <posy>0</posy>
            <width>262</width>
            <height>720</height>
            <texture>menbg.jpg</texture>
            <visible>true</visible>
        </control>
			<control type="image">
                <description>TV logo</description>
                <posx>13</posx>
                <posy>130</posy>
                <width>170</width>
                <height>45</height>
                <aspectratio>keep</aspectratio>
                <fadetime>500</fadetime>
                <texture>TV.png</texture>
            </control>
			<control type="image">
                <description>iVue logo</description>
                <posx>50</posx>
                <posy>635</posy>
                <width>160</width>
                <height>45</height>
                <aspectratio>keep</aspectratio>
                <fadetime>500</fadetime>
                <texture>sly.png</texture>
            </control>

        <control type="button" id="80005">
            <description>add category</description>
            <posx>20</posx>
            <posy>85</posy>
            <width>242</width>
            <height>40</height>
            <texturefocus>tvguide-program-grey-focus.png</texturefocus>
            <texturenofocus>menu-grey.png</texturenofocus>
            <onup>70005</onup>
            <ondown>7004</ondown>
            <onright></onright>
            <align>left</align>
            <aligny>center</aligny>
            <font>font13</font>
            <textcolor>ffffffff</textcolor>
            <label>Category Setup</label>
            <visible>true</visible>
        </control>

        <control type="list" id="7004">
            <description>categories</description>
            <left>0</left>
            <top>195</top>
            <width>260</width>
            <height>400</height>
            <visible>true</visible>
            <onup>80005</onup>
            <ondown></ondown>
            <onleft></onleft>
            <onright></onright>
            <viewtype label="3D list">list</viewtype>
            <orientation>vertical</orientation>

            <itemlayout width="260" height="40">
                <control type="image">
                    <posx>0</posx>
                    <posy>0</posy>
                    <width>260</width>
                    <height>40</height>
                    <texture></texture>
                    <visible>true</visible>
                </control>
                <control type="label">
                    <left>20</left>
                    <top>0</top>
                    <width>222</width>
                    <height>40</height>
                    <font>font13</font>
                    <align>left</align>
                    <aligny>center</aligny>
                    <textcolor>FFFFFFFF</textcolor>
                    <selectedcolor>FFFFFFFF</selectedcolor>
                    <align>left</align>
                    <info>ListItem.Label</info>
                </control>
            </itemlayout>
            <focusedlayout height="40" width="260">
                <control type="image">
                    <posx>0</posx>
                    <posy>0</posy>
                    <width>260</width>
                    <height>40</height>
                    <texture>menu-grey-focus.png</texture>
                    <visible>true</visible>
                </control>
                <control type="image">
                    <width>20</width>
                    <height>20</height>
                    <left>30r</left>
                    <top>10</top>
                    <texture>tvguide-bullet.png</texture>
                    <visible>true</visible>
                </control>
                <control type="image">
                    <posx>0</posx>
                    <posy>0</posy>
                    <width>260</width>
                    <height>40</height>
                    <texture>menu-grey-focus.png</texture>
                    <visible>Control.HasFocus(7004)</visible>
                </control>
                <control type="label">
                    <left>20</left>
                    <top>0</top>
                    <width>222</width>
                    <height>40</height>
                    <font>font13</font>
                    <align>left</align>
                    <aligny>center</aligny>
                    <textcolor>FFFFFFFF</textcolor>
                    <selectedcolor>fffea800</selectedcolor>
                    <align>left</align>
                    <info>ListItem.Label</info>
                </control>
                <control type="label">
                    <left>20</left>
                    <top>0</top>
                    <width>222</width>
                    <height>40</height>
                    <font>font13</font>
                    <align>left</align>
                    <aligny>center</aligny>
                    <textcolor>white</textcolor>
                    <selectedcolor>ffffffff</selectedcolor>
                    <align>left</align>
                    <info>ListItem.Label</info>
                    <visible>Control.HasFocus(7004)</visible>
                </control>
                <control type="image">
                    <width>20</width>
                    <height>20</height>
                    <left>30r</left>
                    <top>10</top>
                    <visible>Control.HasFocus(7004)</visible>
                    <texture>tvguide-bullet.png</texture>
                </control>
            </focusedlayout>
        </control>

        <control type="button" id="7003"><!-- Quit -->
            <description>QUIT</description> 
            <posx>20</posx>
            <posy>5</posy>
            <width>242</width>
            <height>40</height>
            <texturefocus>tvguide-program-grey-focus.png</texturefocus>
			<texturenofocus></texturenofocus>
            <onup>7004</onup>
            <ondown>70005</ondown>
            <onright></onright>
            <align>left</align>
            <aligny>center</aligny>
            <font>font13</font>
            <textcolor>ffffffff</textcolor>
            <label>Exit TV Guide</label>
        </control>
        <control type="button" id="70005"><!-- Cancel -->
            <description>Cancel</description> 
            <posx>20</posx>
            <posy>45</posy>
            <width>242</width>
            <height>40</height>
            <texturefocus>tvguide-program-grey-focus.png</texturefocus>
			<texturenofocus></texturenofocus>
            <onup>7003</onup>
            <ondown>80005</ondown>
            <onright></onright>
            <align>left</align>
            <aligny>center</aligny>
            <font>font13</font>
            <textcolor>ffffffff</textcolor>
            <label>Cancel</label>
        </control>

    </controls>
</window>
