<favourites>
    <favourite name="CerebroTV Menu Updater" thumb="special://home/addons/script.program.menurefresh\icon.png">RunAddon(script.program.menurefresh)</favourite>
    <favourite name="BBC One Yorks" thumb="special://home/addons\plugin.video.iplayerwww\media\bbc_one_yorks.png">PlayMedia(&quot;plugin://plugin.video.iplayerwww/?url=bbc_one_yorks&amp;mode=203&amp;name=BBC+One+Yorks&amp;iconimage=C%3A%5CUsers%5Cbigla%5CAppData%5CRoaming%5CKodi%5Caddons%5Cplugin.video.iplayerwww%5Cmedia%5Cbbc_one_yorks.png&amp;description=&amp;subtitles_url=&amp;logged_in=False&quot;)</favourite>
    <favourite name="BBC One West Midlands" thumb="special://home/addons\plugin.video.iplayerwww\media\bbc_one_west_midlands.png">PlayMedia(&quot;plugin://plugin.video.iplayerwww/?url=bbc_one_west_midlands&amp;mode=203&amp;name=BBC+One+West+Midlands&amp;iconimage=C%3A%5CUsers%5Cbigla%5CAppData%5CRoaming%5CKodi%5Caddons%5Cplugin.video.iplayerwww%5Cmedia%5Cbbc_one_west_midlands.png&amp;description=&amp;subtitles_url=&amp;logged_in=False&quot;)</favourite>
    <favourite name="BBC One West" thumb="special://home/addons\plugin.video.iplayerwww\media\bbc_one_west.png">PlayMedia(&quot;plugin://plugin.video.iplayerwww/?url=bbc_one_west&amp;mode=203&amp;name=BBC+One+West&amp;iconimage=C%3A%5CUsers%5Cbigla%5CAppData%5CRoaming%5CKodi%5Caddons%5Cplugin.video.iplayerwww%5Cmedia%5Cbbc_one_west.png&amp;description=&amp;subtitles_url=&amp;logged_in=False&quot;)</favourite>
    <favourite name="BBC One South East" thumb="special://home/addons\plugin.video.iplayerwww\media\bbc_one_south_east.png">PlayMedia(&quot;plugin://plugin.video.iplayerwww/?url=bbc_one_south_east&amp;mode=203&amp;name=BBC+One+South+East&amp;iconimage=C%3A%5CUsers%5Cbigla%5CAppData%5CRoaming%5CKodi%5Caddons%5Cplugin.video.iplayerwww%5Cmedia%5Cbbc_one_south_east.png&amp;description=&amp;subtitles_url=&amp;logged_in=False&quot;)</favourite>
    <favourite name="BBC One South" thumb="special://home/addons\plugin.video.iplayerwww\media\bbc_one_south.png">PlayMedia(&quot;plugin://plugin.video.iplayerwww/?url=bbc_one_south&amp;mode=203&amp;name=BBC+One+South&amp;iconimage=C%3A%5CUsers%5Cbigla%5CAppData%5CRoaming%5CKodi%5Caddons%5Cplugin.video.iplayerwww%5Cmedia%5Cbbc_one_south.png&amp;description=&amp;subtitles_url=&amp;logged_in=False&quot;)</favourite>
    <favourite name="BBC One Oxford" thumb="special://home/addons\plugin.video.iplayerwww\media\bbc_one_oxford.png">PlayMedia(&quot;plugin://plugin.video.iplayerwww/?url=bbc_one_oxford&amp;mode=203&amp;name=BBC+One+Oxford&amp;iconimage=C%3A%5CUsers%5Cbigla%5CAppData%5CRoaming%5CKodi%5Caddons%5Cplugin.video.iplayerwww%5Cmedia%5Cbbc_one_oxford.png&amp;description=&amp;subtitles_url=&amp;logged_in=False&quot;)</favourite>
    <favourite name="BBC One North West" thumb="special://home/addons\plugin.video.iplayerwww\media\bbc_one_north_west.png">PlayMedia(&quot;plugin://plugin.video.iplayerwww/?url=bbc_one_north_west&amp;mode=203&amp;name=BBC+One+North+West&amp;iconimage=C%3A%5CUsers%5Cbigla%5CAppData%5CRoaming%5CKodi%5Caddons%5Cplugin.video.iplayerwww%5Cmedia%5Cbbc_one_north_west.png&amp;description=&amp;subtitles_url=&amp;logged_in=False&quot;)</favourite>
    <favourite name="BBC One North East" thumb="special://home/addons\plugin.video.iplayerwww\media\bbc_one_north_east.png">PlayMedia(&quot;plugin://plugin.video.iplayerwww/?url=bbc_one_north_east&amp;mode=203&amp;name=BBC+One+North+East&amp;iconimage=C%3A%5CUsers%5Cbigla%5CAppData%5CRoaming%5CKodi%5Caddons%5Cplugin.video.iplayerwww%5Cmedia%5Cbbc_one_north_east.png&amp;description=&amp;subtitles_url=&amp;logged_in=False&quot;)</favourite>
    <favourite name="BBC One East Yorkshire" thumb="special://home/addons\plugin.video.iplayerwww\media\bbc_one_east_yorkshire.png">PlayMedia(&quot;plugin://plugin.video.iplayerwww/?url=bbc_one_east_yorkshire&amp;mode=203&amp;name=BBC+One+East+Yorkshire&amp;iconimage=C%3A%5CUsers%5Cbigla%5CAppData%5CRoaming%5CKodi%5Caddons%5Cplugin.video.iplayerwww%5Cmedia%5Cbbc_one_east_yorkshire.png&amp;description=&amp;subtitles_url=&amp;logged_in=False&quot;)</favourite>
    <favourite name="BBC One East Midlands" thumb="special://home/addons\plugin.video.iplayerwww\media\bbc_one_east_midlands.png">PlayMedia(&quot;plugin://plugin.video.iplayerwww/?url=bbc_one_east_midlands&amp;mode=203&amp;name=BBC+One+East+Midlands&amp;iconimage=C%3A%5CUsers%5Cbigla%5CAppData%5CRoaming%5CKodi%5Caddons%5Cplugin.video.iplayerwww%5Cmedia%5Cbbc_one_east_midlands.png&amp;description=&amp;subtitles_url=&amp;logged_in=False&quot;)</favourite>
    <favourite name="BBC One East" thumb="special://home/addons\plugin.video.iplayerwww\media\bbc_one_east.png">PlayMedia(&quot;plugin://plugin.video.iplayerwww/?url=bbc_one_east&amp;mode=203&amp;name=BBC+One+East&amp;iconimage=C%3A%5CUsers%5Cbigla%5CAppData%5CRoaming%5CKodi%5Caddons%5Cplugin.video.iplayerwww%5Cmedia%5Cbbc_one_east.png&amp;description=&amp;subtitles_url=&amp;logged_in=False&quot;)</favourite>
    <favourite name="BBC One Channel Islands" thumb="special://home/addons\plugin.video.iplayerwww\media\bbc_one_channel_islands.png">PlayMedia(&quot;plugin://plugin.video.iplayerwww/?url=bbc_one_channel_islands&amp;mode=203&amp;name=BBC+One+Channel+Islands&amp;iconimage=C%3A%5CUsers%5Cbigla%5CAppData%5CRoaming%5CKodi%5Caddons%5Cplugin.video.iplayerwww%5Cmedia%5Cbbc_one_channel_islands.png&amp;description=&amp;subtitles_url=&amp;logged_in=False&quot;)</favourite>
    <favourite name="BBC One Cambridge" thumb="special://home/addons\plugin.video.iplayerwww\media\bbc_one_cambridge.png">PlayMedia(&quot;plugin://plugin.video.iplayerwww/?url=bbc_one_cambridge&amp;mode=203&amp;name=BBC+One+Cambridge&amp;iconimage=C%3A%5CUsers%5Cbigla%5CAppData%5CRoaming%5CKodi%5Caddons%5Cplugin.video.iplayerwww%5Cmedia%5Cbbc_one_cambridge.png&amp;description=&amp;subtitles_url=&amp;logged_in=False&quot;)</favourite>
</favourites> 