<favourites> 
	<favourite name="[COLOR red]-- Cerebro TV Premium Sports Channels --[/COLOR]" thumb="special://home/addons/23.png">NOTHING</favourite>
    <favourite name="CerebroTV Menu Updater" thumb="special://home/addons/script.program.menurefresh\icon.png">RunAddon(script.program.menurefresh)</favourite>
    <favourite name="BT Sport 1" thumb="http://www.liveonlinetv247.info/images/btsport1.png">PlayMedia(&quot;plugin://plugin.video.ukturk/?url=http%3A%2F%2Faddoncloud.org%2Fukturk%2FUKTurk%2FSportsList.txt&amp;mode=3&amp;name=BT+Sport+1&amp;description=&amp;iconimage=http%3A%2F%2Fwww.liveonlinetv247.info%2Fimages%2Fbtsport1.png&quot;)</favourite>
    <favourite name="BT Sports 1" thumb="http%3A%2F%2Fsmarterlogix.com%2FiosSecureApps%2FPakIndiaTVHD%2FV1-2%2FImages%2Fbt_sports.jpg">PlayMedia(&quot;plugin://plugin.video.livehub2/?url=http%3A%2F%2F95.154.237.88%3A8080%2FMatH33RaaabB3eETtiyiy-1%2FStrm%2Findex.m3u8%7CUser-Agent%3DAppleCoreMedia%2F1.0.0.13A452+%28iPhone%3B+U%3B+CPU+OS+9_0_2+like+Mac+OS+X%3B+en_gb%29&amp;mode=9999&amp;name=BT+Sports+1&amp;iconimage=http%253A%252F%252Fsmarterlogix.com%252FiosSecureApps%252FPakIndiaTVHD%252FV1-2%252FImages%252Fbt_sports.jpg&amp;description=&quot;)</favourite>
    <favourite name="[COLOR yellow]BT Sports 1[/COLOR]" thumb="http://ajbuilds.uk/art/BT-Sport-1-400x400.png">PlayMedia(&quot;plugin://plugin.video.falconproject/?action=play&amp;url=%3Csublink+name%3D%22Link+1%22%3Eplugin%3A%2F%2Fplugin.video.SportsDevil%2F%3Fmode%3D1%26amp%3Bitem%3Dcatcher%253dstreams%2526url%3Dhttp%3A%2F%2Fwizhdsports.is%2Flive_streaming%2Fbtsports1%3C%2Fsublink%3E%3Csublink+name%3D%22Link+2%22%3Eplugin%3A%2F%2Fplugin.video.SportsDevil%2F%3Fmode%3D1%26amp%3Bitem%3Dcatcher%253dstreams%2526url%3Dhttp%3A%2F%2Fsstream.net%2Fbt1.html%3C%2Fsublink%3E%3Csublink+name%3D%22Link+3%22%3Eplugin%3A%2F%2Fplugin.video.SportsDevil%2F%3Fmode%3D1%26amp%3Bitem%3Dcatcher%253dstreams%2526url%3Dhttp%3A%2F%2Funblocked.lol%2Funblocked%2Fsportsphp%2Fbt1.php%3C%2Fsublink%3E&amp;content=0&quot;)</favourite>
    <favourite name="[COLOR aqua]BT SPORT 1[/COLOR]" thumb="http://images.pitchero.com/nl/1423850524_original.jpg">ActivateWindow(10025,&quot;plugin://plugin.video.supremacy/?fanart=http%3a%2f%2fstephen-builds.uk%2fart%2f20839702_10207884860798337_363786087_o.jpg&amp;mode=30&amp;name=%5bCOLOR%20aqua%5dBT%20SPORT%201%5b%2fCOLOR%5d&amp;url=%0d%0asublink%3aplugin%3a%2f%2fplugin.video.SportsDevil%2f%3fmode%3d1%26item%3dcatcher%253dstreams%2526url%3dhttp%3a%2f%2funblocked.lol%2funblocked%2fsportsphp%2fbt1.php%23%0d%0asublink%3aplugin%3a%2f%2fplugin.video.SportsDevil%2f%3fmode%3d1%26item%3dcatcher%253dstreams%2526url%3dhttp%3a%2f%2fabcast.me%2fbtsport1.html%23%0d%0asublink%3aplugin%3a%2f%2fplugin.video.SportsDevil%2f%3fmode%3d1%26item%3dcatcher%253dstreams%2526url%3dhttp%3a%2f%2fvercanalestv.com%2ftv%2fdeportes%2fbt-sport-1.html%23%0d%0asublink%3aplugin%3a%2f%2fplugin.video.SportsDevil%2f%3fmode%3d1%26item%3dcatcher%253dstreams%2526url%3dhttp%3a%2f%2fwww.liveonlinetv247.info%2fbtsport1.php%23%0d%0asublink%3aplugin%3a%2f%2fplugin.video.SportsDevil%2f%3fmode%3d1%26item%3dcatcher%253dstreams%2526url%3dhttp%3a%2f%2ftv.b-c-e.us%2fBTSport1.php%23%0d%0asublink%3aplugin%3a%2f%2fplugin.video.SportsDevil%2f%3fmode%3d1%26item%3dcatcher%253dstreams%2526url%3dhttp%3a%2f%2fsstream.net%2fbt1.html%23%0d%0asublink%3aplugin%3a%2f%2fplugin.video.SportsDevil%2f%3fmode%3d1%26item%3dcatcher%253dstreams%2526url%3dhttp%3a%2f%2fwww.sdwnet.me%2fchannels%2fBT-Sport-1.html%23%0d%0asublink%3aplugin%3a%2f%2fplugin.video.SportsDevil%2f%3fmode%3d1%26item%3dcatcher%253dstreams%2526url%3dhttp%3a%2f%2fcricfree.sc%2fiframe%2fcricfree%2fiframe7.php%23%0d%0asublink%3aplugin%3a%2f%2fplugin.video.SportsDevil%2f%3fmode%3d1%26item%3dcatcher%253dstreams%2526url%3dhttp%3a%2f%2fmamahd.in%2fp%2fmama2.php%3fid%3d17811%23%0d%0a&quot;,return)</favourite>
    <favourite name="[B]BT SPORT 1 UK[/B] (922) " thumb="https://github.com/Apollo2000/Repo/raw/master/TVLogos/922.png">PlayMedia(&quot;plugin://program.apollo/?action=apollo&amp;imdb=9999&amp;season=922&amp;title=922&quot;)</favourite>
    <favourite name="BT Sports 1 (PAK)" thumb="http%3A%2F%2Fsmarterlogix.com%2FiosSecureApps%2FPakIndiaTVHD%2FV1-2%2FImages%2Fsouth_american_football.jpg">PlayMedia(&quot;plugin://plugin.video.livehub2/?url=http%3A%2F%2F95.154.237.88%3A8080%2FMatH33RaaabB3eETtiyiy-1%2FStrm%2Findex.m3u8%7CUser-Agent%3DAppleCoreMedia%2F1.0.0.13A452+%28iPhone%3B+U%3B+CPU+OS+9_0_2+like+Mac+OS+X%3B+en_gb%29&amp;mode=9999&amp;name=Channel+1&amp;iconimage=http%253A%252F%252Fsmarterlogix.com%252FiosSecureApps%252FPakIndiaTVHD%252FV1-2%252FImages%252Fsouth_american_football.jpg&amp;description=&quot;)</favourite>
    <favourite name="BT Sports 1 (PAK) 2" thumb="http%3A%2F%2Fsmarterlogix.com%2FiosSecureApps%2FPakIndiaTVHD%2FV1-2%2FImages%2Fserie_a.jpg">PlayMedia(&quot;plugin://plugin.video.livehub2/?url=http%3A%2F%2F95.154.237.88%3A8080%2FMatH33RaaabB3eETtiyiy-1%2FStrm%2Findex.m3u8%7CUser-Agent%3DAppleCoreMedia%2F1.0.0.13A452+%28iPhone%3B+U%3B+CPU+OS+9_0_2+like+Mac+OS+X%3B+en_gb%29&amp;mode=9999&amp;name=Channel+1&amp;iconimage=http%253A%252F%252Fsmarterlogix.com%252FiosSecureApps%252FPakIndiaTVHD%252FV1-2%252FImages%252Fserie_a.jpg&amp;description=&quot;)</favourite>
    <favourite name="BT Sports 1 (PAK) 3" thumb="http%3A%2F%2Fsmarterlogix.com%2FiosSecureApps%2FPakIndiaTVHD%2FV1-2%2FImages%2Fpremier_league.png">PlayMedia(&quot;plugin://plugin.video.livehub2/?url=http%3A%2F%2F95.154.237.88%3A8080%2FMatH33RaaabB3eETtiyiy-1%2FStrm%2Findex.m3u8%7CUser-Agent%3DAppleCoreMedia%2F1.0.0.13A452+%28iPhone%3B+U%3B+CPU+OS+9_0_2+like+Mac+OS+X%3B+en_gb%29&amp;mode=9999&amp;name=Link+1&amp;iconimage=http%253A%252F%252Fsmarterlogix.com%252FiosSecureApps%252FPakIndiaTVHD%252FV1-2%252FImages%252Fpremier_league.png&amp;description=&quot;)</favourite>
    <favourite name="BT Sports 1 (PAK) 4" thumb="http%3A%2F%2Fsmarterlogix.com%2FiosSecureApps%2FPakIndiaTVHD%2FV1-2%2FImages%2Fnational_league_football.jpg">PlayMedia(&quot;plugin://plugin.video.livehub2/?url=http%3A%2F%2F95.154.237.88%3A8080%2FMatH33RaaabB3eETtiyiy-1%2FStrm%2Findex.m3u8%7CUser-Agent%3DAppleCoreMedia%2F1.0.0.13A452+%28iPhone%3B+U%3B+CPU+OS+9_0_2+like+Mac+OS+X%3B+en_gb%29&amp;mode=9999&amp;name=Link+1&amp;iconimage=http%253A%252F%252Fsmarterlogix.com%252FiosSecureApps%252FPakIndiaTVHD%252FV1-2%252FImages%252Fnational_league_football.jpg&amp;description=&quot;)</favourite>
    
    <favourite name="BT Sport 2" thumb="http://www.liveonlinetv247.info/images/btsport2.png">PlayMedia(&quot;plugin://plugin.video.ukturk/?url=http%3A%2F%2Faddoncloud.org%2Fukturk%2FUKTurk%2FSportsList.txt&amp;mode=3&amp;name=BT+Sport+2&amp;description=&amp;iconimage=http%3A%2F%2Fwww.liveonlinetv247.info%2Fimages%2Fbtsport2.png&quot;)</favourite>
    <favourite name="[B]BT SPORT 2 UK[/B] (923) " thumb="https://github.com/Apollo2000/Repo/raw/master/TVLogos/923.png">PlayMedia(&quot;plugin://program.apollo/?action=apollo&amp;imdb=9999&amp;season=923&amp;title=923&quot;)</favourite>
    <favourite name="[COLOR aqua]BT SPORT 2[/COLOR]" thumb="http://oklivetv.com/wp-content/uploads/media/bt-sport-2-logo.jpeg">ActivateWindow(10025,&quot;plugin://plugin.video.supremacy/?fanart=http%3a%2f%2fstephen-builds.uk%2fart%2f20839702_10207884860798337_363786087_o.jpg&amp;mode=30&amp;name=%5bCOLOR%20aqua%5dBT%20SPORT%202%5b%2fCOLOR%5d&amp;url=%0d%0asublink%3aplugin%3a%2f%2fplugin.video.SportsDevil%2f%3fmode%3d1%26item%3dcatcher%253dstreams%2526url%3dhttp%3a%2f%2funblocked.lol%2funblocked%2fsportsphp%2fbt2.php%23%0d%0asublink%3aplugin%3a%2f%2fplugin.video.SportsDevil%2f%3fmode%3d1%26item%3dcatcher%253dstreams%2526url%3dhttp%3a%2f%2fabcast.me%2fbtsport2.html%23%0d%0asublink%3aplugin%3a%2f%2fplugin.video.SportsDevil%2f%3fmode%3d1%26item%3dcatcher%253dstreams%2526url%3dhttp%3a%2f%2flive.b-c-e.us%2fBTSport22.php%23%0d%0asublink%3aplugin%3a%2f%2fplugin.video.SportsDevil%2f%3fmode%3d1%26item%3dcatcher%253dstreams%2526url%3dhttp%3a%2f%2fsstream.net%2fbt2.html%23%0d%0asublink%3aplugin%3a%2f%2fplugin.video.SportsDevil%2f%3fmode%3d1%26item%3dcatcher%253dstreams%2526url%3dhttp%3a%2f%2fnowwatchtvlive.cc%2f01-bt-sport-2-hd-live-stream-bt-sport-2-channel-online-free%2f%23%0d%0asublink%3aplugin%3a%2f%2fplugin.video.SportsDevil%2f%3fmode%3d1%26item%3dcatcher%253dstreams%2526url%3dhttp%3a%2f%2fcricfree.sc%2fiframe%2fcricfree%2fiframe8.php%23%0d%0asublink%3aplugin%3a%2f%2fplugin.video.SportsDevil%2f%3fmode%3d1%26item%3dcatcher%253dstreams%2526url%3dhttp%3a%2f%2fwww.sdwnet.me%2fchannels%2fBT-Sport-2.html%23%0d%0asublink%3aplugin%3a%2f%2fplugin.video.SportsDevil%2f%3fmode%3d1%26item%3dcatcher%253dstreams%2526url%3dhttp%3a%2f%2fmamahd.in%2fp%2fmama.php%3fid%3d17812%23%0d%0asublink%3aplugin%3a%2f%2fplugin.video.SportsDevil%2f%3fmode%3d1%26item%3dcatcher%253dstreams%2526url%3dhttp%3a%2f%2fwww.liveonlinetv247.info%2fbtsport2.php%23%0d%0a&quot;,return)</favourite>
    <favourite name="[COLOR yellow]BT Sports 2[/COLOR]" thumb="http://ajbuilds.uk/art/btsporttwo-400x400.png">PlayMedia(&quot;plugin://plugin.video.falconproject/?action=play&amp;url=%3Csublink+name%3D%22Link+1%22%3Eplugin%3A%2F%2Fplugin.video.SportsDevil%2F%3Fmode%3D1%26amp%3Bitem%3Dcatcher%253dstreams%2526url%3Dhttp%3A%2F%2Fwizhdsports.is%2Flive_streaming%2Fbtsports2%3C%2Fsublink%3E%3Csublink+name%3D%22Link+2%22%3Eplugin%3A%2F%2Fplugin.video.SportsDevil%2F%3Fmode%3D1%26amp%3Bitem%3Dcatcher%253dstreams%2526url%3Dhttp%3A%2F%2Fsstream.net%2Fbt2.html%3C%2Fsublink%3E%3Csublink+name%3D%22Link+3%22%3Eplugin%3A%2F%2Fplugin.video.SportsDevil%2F%3Fmode%3D1%26amp%3Bitem%3Dcatcher%253dstreams%2526url%3Dhttp%3A%2F%2Funblocked.lol%2Funblocked%2Fsportsphp%2Fbt2.php%3C%2Fsublink%3E&amp;content=0&quot;)</favourite>
    <favourite name="BT Sports 2" thumb="http%3A%2F%2Fsmarterlogix.com%2FiosSecureApps%2FPakIndiaTVHD%2FV1-2%2FImages%2Fbt_sports.jpg">PlayMedia(&quot;plugin://plugin.video.livehub2/?url=http%3A%2F%2F95.154.237.88%3A8080%2FMatH33RaaabB3eETtiyiy-2%2FStrm%2Findex.m3u8%7CUser-Agent%3DAppleCoreMedia%2F1.0.0.13A452+%28iPhone%3B+U%3B+CPU+OS+9_0_2+like+Mac+OS+X%3B+en_gb%29&amp;mode=9999&amp;name=BT+Sports+2&amp;iconimage=http%253A%252F%252Fsmarterlogix.com%252FiosSecureApps%252FPakIndiaTVHD%252FV1-2%252FImages%252Fbt_sports.jpg&amp;description=&quot;)</favourite>
    
    
    <favourite name="[COLOR yellow]BT Sports 3[/COLOR]" thumb="http://ajbuilds.uk/art/BT-Sport-3-400x400.png">PlayMedia(&quot;plugin://plugin.video.falconproject/?action=play&amp;url=%3Csublink+name%3D%22Link+1%22%3Eplugin%3A%2F%2Fplugin.video.SportsDevil%2F%3Fmode%3D1%26amp%3Bitem%3Dcatcher%253dstreams%2526url%3Dhttp%3A%2F%2Fsstream.net%2Fbt3.html%3C%2Fsublink%3E%3Csublink+name%3D%22Link+2%22%3Eplugin%3A%2F%2Fplugin.video.SportsDevil%2F%3Fmode%3D1%26amp%3Bitem%3Dcatcher%253dstreams%2526url%3Dhttp%3A%2F%2Fwww.vipgoal.net%2FBtSportEurope%2F35590%2FBt-Sport-3-Live-Stream.html%3C%2Fsublink%3E%3Csublink+name%3D%22Link+2%22%3Eplugin%3A%2F%2Fplugin.video.SportsDevil%2F%3Fmode%3D1%26amp%3Bitem%3Dcatcher%253dstreams%2526url%3Dhttp%3A%2F%2Funblocked.lol%2Funblocked%2Fsportsphp%2Fbt3.php%3C%2Fsublink%3E&amp;content=0&quot;)</favourite>
    <favourite name="BT Sport 3" thumb="http://sport.bt.com/s/assets/ucl/images/btsport3.png">PlayMedia(&quot;plugin://plugin.video.ukturk/?url=http%3A%2F%2Faddoncloud.org%2Fukturk%2FUKTurk%2FSportsList.txt&amp;mode=3&amp;name=BT+Sport+3&amp;description=&amp;iconimage=http%3A%2F%2Fsport.bt.com%2Fs%2Fassets%2Fucl%2Fimages%2Fbtsport3.png&quot;)</favourite>
    <favourite name="BT Sports 3" thumb="http%3A%2F%2Fsmarterlogix.com%2FiosSecureApps%2FPakIndiaTVHD%2FV1-2%2FImages%2Fbt_sports.jpg">PlayMedia(&quot;plugin://plugin.video.livehub2/?url=http%3A%2F%2F95.154.237.88%3A8080%2FMatH33RaaaBeeT3yy-U%2FStrm%2Findex.m3u8%7CUser-Agent%3DAppleCoreMedia%2F1.0.0.13A452+%28iPhone%3B+U%3B+CPU+OS+9_0_2+like+Mac+OS+X%3B+en_gb%29&amp;mode=9999&amp;name=BT+Sports+3&amp;iconimage=http%253A%252F%252Fsmarterlogix.com%252FiosSecureApps%252FPakIndiaTVHD%252FV1-2%252FImages%252Fbt_sports.jpg&amp;description=&quot;)</favourite>
    <favourite name="[COLOR aqua]BT Sports 3[/COLOR]" thumb="http://sport.bt.com/s/assets/ucl/images/btsport3.png">ActivateWindow(10025,&quot;plugin://plugin.video.supremacy/?fanart=http%3a%2f%2fstephen-builds.uk%2fart%2f20839702_10207884860798337_363786087_o.jpg&amp;mode=30&amp;name=%5bCOLOR%20aqua%5dBT%20Sports%203%5b%2fCOLOR%5d&amp;url=%0d%0asublink%3aplugin%3a%2f%2fplugin.video.SportsDevil%2f%3fmode%3d1%26item%3dcatcher%253dstreams%2526url%3dhttp%3a%2f%2fabcast.me%2fbtsport3.html%23%0d%0asublink%3aplugin%3a%2f%2fplugin.video.SportsDevil%2f%3fmode%3d1%26item%3dcatcher%253dstreams%2526url%3dhttp%3a%2f%2fsstream.net%2fbt3.html%23%0d%0asublink%3aplugin%3a%2f%2fplugin.video.SportsDevil%2f%3fmode%3d1%26item%3dcatcher%253dstreams%2526url%3dhttp%3a%2f%2flive.b-c-e.us%2fBTSportEurope.php%23%0d%0asublink%3aplugin%3a%2f%2fplugin.video.SportsDevil%2f%3fmode%3d1%26item%3dcatcher%253dstreams%2526url%3dhttp%3a%2f%2fmamahd.in%2fp%2fmama.php%3fid%3d17813%23%0d%0asublink%3aplugin%3a%2f%2fplugin.video.SportsDevil%2f%3fmode%3d1%26item%3dcatcher%253dstreams%2526url%3dhttp%3a%2f%2fliveonlinetv247.info%2fembed%2fbtsport3.php%23%0d%0a&quot;,return)</favourite>
    
    <favourite name="[COLOR yellow]BT Sports ESPN[/COLOR]" thumb="http://ajbuilds.uk/art/bt-buys-espn-400x400.png">PlayMedia(&quot;plugin://plugin.video.falconproject/?action=play&amp;url=%3Csublink+name%3D%22Link+1%22%3Eplugin%3A%2F%2Fplugin.video.SportsDevil%2F%3Fmode%3D1%26amp%3Bitem%3Dcatcher%253dstreams%2526url%3Dhttp%3A%2F%2Fsstream.net%2Fbtespn.html%3C%2Fsublink%3E&amp;content=0&quot;)</favourite>
    <favourite name="BT Sport ESPN" thumb="http://www.liveonlinetv247.info/images/btsportespn.png">PlayMedia(&quot;plugin://plugin.video.ukturk/?url=http%3A%2F%2Faddoncloud.org%2Fukturk%2FUKTurk%2FSportsList.txt&amp;mode=3&amp;name=BT+Sport+ESPN&amp;description=&amp;iconimage=http%3A%2F%2Fwww.liveonlinetv247.info%2Fimages%2Fbtsportespn.png&quot;)</favourite>
    <favourite name="BT Sports ESPN" thumb="http%3A%2F%2Fsmarterlogix.com%2FiosSecureApps%2FPakIndiaTVHD%2FV1-2%2FImages%2Fbt_sports.jpg">PlayMedia(&quot;plugin://plugin.video.livehub2/?url=http%3A%2F%2F95.154.237.88%3A8080%2FMatH33RaaaBeetYywEespeen%2FStrm%2Findex.m3u8%7CUser-Agent%3DAppleCoreMedia%2F1.0.0.13A452+%28iPhone%3B+U%3B+CPU+OS+9_0_2+like+Mac+OS+X%3B+en_gb%29&amp;mode=9999&amp;name=BT+Sports+ESPN&amp;iconimage=http%253A%252F%252Fsmarterlogix.com%252FiosSecureApps%252FPakIndiaTVHD%252FV1-2%252FImages%252Fbt_sports.jpg&amp;description=&quot;)</favourite>
    <favourite name="[COLOR aqua]BT Sports Espn[/COLOR]" thumb="http://sport.bt.com/s/assets/ucl/images/btsportespn.png">ActivateWindow(10025,&quot;plugin://plugin.video.supremacy/?fanart=http%3a%2f%2fstephen-builds.uk%2fart%2f20839702_10207884860798337_363786087_o.jpg&amp;mode=30&amp;name=%5bCOLOR%20aqua%5dBT%20Sports%20Espn%5b%2fCOLOR%5d&amp;url=%0d%0asublink%3aplugin%3a%2f%2fplugin.video.SportsDevil%2f%3fmode%3d1%26item%3dcatcher%253dstreams%2526url%3dhttp%3a%2f%2funblocked.lol%2funblocked%2fsportsphp%2fbtsportespn.php%23%0d%0asublink%3aplugin%3a%2f%2fplugin.video.SportsDevil%2f%3fmode%3d1%26item%3dcatcher%253dstreams%2526url%3dhttp%3a%2f%2fwww.jokerstream.com%2fp%2fespn.html%23%0d%0asublink%3aplugin%3a%2f%2fplugin.video.SportsDevil%2f%3fmode%3d1%26item%3dcatcher%253dstreams%2526url%3dhttp%3a%2f%2flive.b-c-e.us%2fBTSportESPN.php%23%0d%0asublink%3aplugin%3a%2f%2fplugin.video.SportsDevil%2f%3fmode%3d1%26item%3dcatcher%253dstreams%2526url%3dhttp%3a%2f%2fsstream.net%2fespnbr.html%23%0d%0asublink%3aplugin%3a%2f%2fplugin.video.SportsDevil%2f%3fmode%3d1%26item%3dcatcher%253dstreams%2526url%3dhttp%3a%2f%2fwww.liveonlinetv247.info%2fbtsportespn.php%23%0d%0asublink%3aplugin%3a%2f%2fplugin.video.SportsDevil%2f%3fmode%3d1%26item%3dcatcher%253dstreams%2526url%3dhttp%3a%2f%2fcricfree.sc%2fbt-sport-europe-live-stream-free%23%0d%0asublink%3aplugin%3a%2f%2fplugin.video.SportsDevil%2f%3fmode%3d1%26item%3dcatcher%253dstreams%2526url%3dhttp%3a%2f%2fnowwatchtvlive.cc%2fbt-sport-espn-full-hd-live-stream-720-1080p%2f%23%0d%0a&quot;,return)</favourite>
    
    <favourite name="Sky Sports Main" thumb="http%3A%2F%2Fsmarterlogix.com%2FiosSecureApps%2FPakIndiaTVHD%2FV1-2%2FImages%2Feuropean_u21_champ.jpg">PlayMedia(&quot;plugin://plugin.video.livehub2/?url=http%3A%2F%2F95.154.237.88%3A8080%2FMatH33Raaa%2Fsiyyekksp1%2Findex.m3u8%7CUser-Agent%3DAppleCoreMedia%2F1.0.0.13A452+%28iPhone%3B+U%3B+CPU+OS+9_0_2+like+Mac+OS+X%3B+en_gb%29&amp;mode=9999&amp;name=Channel+5&amp;iconimage=http%253A%252F%252Fsmarterlogix.com%252FiosSecureApps%252FPakIndiaTVHD%252FV1-2%252FImages%252Feuropean_u21_champ.jpg&amp;description=&quot;)</favourite>
    <favourite name="Sky Sports Main 2" thumb="http%3A%2F%2Fsmarterlogix.com%2FiosSecureApps%2FPakIndiaTVHD%2FV1-2%2FImages%2Famerican_mls_league.png">PlayMedia(&quot;plugin://plugin.video.livehub2/?url=http%3A%2F%2F95.154.237.88%3A8080%2FMatH33Raaa%2Fsiyyekksp1%2Findex.m3u8%7CUser-Agent%3DAppleCoreMedia%2F1.0.0.13A452+%28iPhone%3B+U%3B+CPU+OS+9_0_2+like+Mac+OS+X%3B+en_gb%29&amp;mode=9999&amp;name=Channel+3&amp;iconimage=http%253A%252F%252Fsmarterlogix.com%252FiosSecureApps%252FPakIndiaTVHD%252FV1-2%252FImages%252Famerican_mls_league.png&amp;description=&quot;)</favourite>
    <favourite name="Sky Sports Main 3" thumb="http%3A%2F%2Fsmarterlogix.com%2FiosSecureApps%2FPakIndiaTVHD%2FV1-2%2FImages%2Flive_star_sixes.jpg">PlayMedia(&quot;plugin://plugin.video.livehub2/?url=http%3A%2F%2F95.154.237.88%3A8080%2FMatH33Raaa%2Fsiyyekksp1%2Findex.m3u8%7CUser-Agent%3DAppleCoreMedia%2F1.0.0.13A452+%28iPhone%3B+U%3B+CPU+OS+9_0_2+like+Mac+OS+X%3B+en_gb%29&amp;mode=9999&amp;name=Channel+2&amp;iconimage=http%253A%252F%252Fsmarterlogix.com%252FiosSecureApps%252FPakIndiaTVHD%252FV1-2%252FImages%252Flive_star_sixes.jpg&amp;description=&quot;)</favourite>
    <favourite name="Sky Sports Main 4" thumb="http%3A%2F%2Fsmarterlogix.com%2FiosSecureApps%2FPakIndiaTVHD%2FV1-2%2FImages%2Frugby.jpg">PlayMedia(&quot;plugin://plugin.video.livehub2/?url=http%3A%2F%2F95.154.237.88%3A8080%2FMatH33Raaa%2Fsiyyekksp1%2Findex.m3u8%7CUser-Agent%3DAppleCoreMedia%2F1.0.0.13A452+%28iPhone%3B+U%3B+CPU+OS+9_0_2+like+Mac+OS+X%3B+en_gb%29&amp;mode=9999&amp;name=RUGBY+1&amp;iconimage=http%253A%252F%252Fsmarterlogix.com%252FiosSecureApps%252FPakIndiaTVHD%252FV1-2%252FImages%252Frugby.jpg&amp;description=&quot;)</favourite>
    
    <favourite name="Sky Sports Prem" thumb="http%3A%2F%2Fsmarterlogix.com%2FiosSecureApps%2FPakIndiaTVHD%2FV1-2%2FImages%2Famerican_mls_league.png">PlayMedia(&quot;plugin://plugin.video.livehub2/?url=http%3A%2F%2F95.154.237.88%3A8080%2FMatH33Raaa%2Fsiyyekksp5%2Findex.m3u8%7CUser-Agent%3DAppleCoreMedia%2F1.0.0.13A452+%28iPhone%3B+U%3B+CPU+OS+9_0_2+like+Mac+OS+X%3B+en_gb%29&amp;mode=9999&amp;name=Channel+2&amp;iconimage=http%253A%252F%252Fsmarterlogix.com%252FiosSecureApps%252FPakIndiaTVHD%252FV1-2%252FImages%252Famerican_mls_league.png&amp;description=&quot;)</favourite>
    <favourite name="Sky Sports Prem 2" thumb="http%3A%2F%2Fsmarterlogix.com%2FiosSecureApps%2FPakIndiaTVHD%2FV1-2%2FImages%2Fatp_world_tour.jpg">PlayMedia(&quot;plugin://plugin.video.livehub2/?url=http%3A%2F%2F95.154.237.88%3A8080%2FMatH33Raaa%2Fsiyyekksp5%2Findex.m3u8%7CUser-Agent%3DAppleCoreMedia%2F1.0.0.13A452+%28iPhone%3B+U%3B+CPU+OS+9_0_2+like+Mac+OS+X%3B+en_gb%29&amp;mode=9999&amp;name=Channel+5&amp;iconimage=http%253A%252F%252Fsmarterlogix.com%252FiosSecureApps%252FPakIndiaTVHD%252FV1-2%252FImages%252Fatp_world_tour.jpg&amp;description=&quot;)</favourite>
    <favourite name="Sky Sports Prem 3" thumb="http%3A%2F%2Fsmarterlogix.com%2FiosSecureApps%2FPakIndiaTVHD%2FV1-2%2FImages%2Frugby.jpg">PlayMedia(&quot;plugin://plugin.video.livehub2/?url=http%3A%2F%2F95.154.237.88%3A8080%2FMatH33Raaa%2Fsiyyekksp5%2Findex.m3u8%7CUser-Agent%3DAppleCoreMedia%2F1.0.0.13A452+%28iPhone%3B+U%3B+CPU+OS+9_0_2+like+Mac+OS+X%3B+en_gb%29&amp;mode=9999&amp;name=RUGBY+2&amp;iconimage=http%253A%252F%252Fsmarterlogix.com%252FiosSecureApps%252FPakIndiaTVHD%252FV1-2%252FImages%252Frugby.jpg&amp;description=&quot;)</favourite>
    <favourite name="Sky Sports Prem 4" thumb="http%3A%2F%2Fsmarterlogix.com%2FiosSecureApps%2FPakIndiaTVHD%2FV1-2%2FImages%2Fsky_sports.jpg">PlayMedia(&quot;plugin://plugin.video.livehub2/?url=http%3A%2F%2F95.154.237.88%3A8080%2FMatH33Raaa%2Fsiyyekksp5%2Findex.m3u8%7CUser-Agent%3DAppleCoreMedia%2F1.0.0.13A452+%28iPhone%3B+U%3B+CPU+OS+9_0_2+like+Mac+OS+X%3B+en_gb%29&amp;mode=9999&amp;name=Sky+Sports+1&amp;iconimage=http%253A%252F%252Fsmarterlogix.com%252FiosSecureApps%252FPakIndiaTVHD%252FV1-2%252FImages%252Fsky_sports.jpg&amp;description=&quot;)</favourite>
    <favourite name="Sky Sports Prem 5" thumb="http%3A%2F%2Fsmarterlogix.com%2FiosSecureApps%2FPakIndiaTVHD%2FV1-2%2FImages%2Fsky_sports.jpg">PlayMedia(&quot;plugin://plugin.video.livehub2/?url=http%3A%2F%2F95.154.237.88%3A8080%2FMatH33Raaa%2Fsiyyekksp5%2Findex.m3u8%7CUser-Agent%3DAppleCoreMedia%2F1.0.0.13A452+%28iPhone%3B+U%3B+CPU+OS+9_0_2+like+Mac+OS+X%3B+en_gb%29&amp;mode=9999&amp;name=Sky+Sports+5&amp;iconimage=http%253A%252F%252Fsmarterlogix.com%252FiosSecureApps%252FPakIndiaTVHD%252FV1-2%252FImages%252Fsky_sports.jpg&amp;description=&quot;)</favourite>
    
    <favourite name="Sky Sports Action" thumb="http%3A%2F%2Fsmarterlogix.com%2FiosSecureApps%2FPakIndiaTVHD%2FV1-2%2FImages%2Fatp_world_tour.jpg">PlayMedia(&quot;plugin://plugin.video.livehub2/?url=http%3A%2F%2F95.154.237.88%3A8080%2FMatH33Raaa%2Fsiyyekksp3%2Findex.m3u8%7CUser-Agent%3DAppleCoreMedia%2F1.0.0.13A452+%28iPhone%3B+U%3B+CPU+OS+9_0_2+like+Mac+OS+X%3B+en_gb%29&amp;mode=9999&amp;name=Channel+4&amp;iconimage=http%253A%252F%252Fsmarterlogix.com%252FiosSecureApps%252FPakIndiaTVHD%252FV1-2%252FImages%252Fatp_world_tour.jpg&amp;description=&quot;)</favourite>
    <favourite name="Sky Sports Action 2" thumb="http%3A%2F%2Fsmarterlogix.com%2FiosSecureApps%2FPakIndiaTVHD%2FV1-2%2FImages%2Flive_star_sixes.jpg">PlayMedia(&quot;plugin://plugin.video.livehub2/?url=http%3A%2F%2F95.154.237.88%3A8080%2FMatH33Raaa%2Fsiyyekksp3%2Findex.m3u8%7CUser-Agent%3DAppleCoreMedia%2F1.0.0.13A452+%28iPhone%3B+U%3B+CPU+OS+9_0_2+like+Mac+OS+X%3B+en_gb%29&amp;mode=9999&amp;name=Channel+1&amp;iconimage=http%253A%252F%252Fsmarterlogix.com%252FiosSecureApps%252FPakIndiaTVHD%252FV1-2%252FImages%252Flive_star_sixes.jpg&amp;description=&quot;)</favourite>
    <favourite name="Sky Sports Action 3" thumb="http%3A%2F%2Fsmarterlogix.com%2FiosSecureApps%2FPakIndiaTVHD%2FV1-2%2FImages%2Frugby.jpg">PlayMedia(&quot;plugin://plugin.video.livehub2/?url=http%3A%2F%2F95.154.237.88%3A8080%2FMatH33Raaa%2Fsiyyekksp3%2Findex.m3u8%7CUser-Agent%3DAppleCoreMedia%2F1.0.0.13A452+%28iPhone%3B+U%3B+CPU+OS+9_0_2+like+Mac+OS+X%3B+en_gb%29&amp;mode=9999&amp;name=RUGBY+3&amp;iconimage=http%253A%252F%252Fsmarterlogix.com%252FiosSecureApps%252FPakIndiaTVHD%252FV1-2%252FImages%252Frugby.jpg&amp;description=&quot;)</favourite>
    <favourite name="Sky Sports Action 4" thumb="http%3A%2F%2Fsmarterlogix.com%2FiosSecureApps%2FPakIndiaTVHD%2FV1-2%2FImages%2Fsky_sports.jpg">PlayMedia(&quot;plugin://plugin.video.livehub2/?url=http%3A%2F%2F95.154.237.88%3A8080%2FMatH33Raaa%2Fsiyyekksp3%2Findex.m3u8%7CUser-Agent%3DAppleCoreMedia%2F1.0.0.13A452+%28iPhone%3B+U%3B+CPU+OS+9_0_2+like+Mac+OS+X%3B+en_gb%29&amp;mode=9999&amp;name=Sky+Sports+3&amp;iconimage=http%253A%252F%252Fsmarterlogix.com%252FiosSecureApps%252FPakIndiaTVHD%252FV1-2%252FImages%252Fsky_sports.jpg&amp;description=&quot;)</favourite>
    
    <favourite name="Sky Sports Golf" thumb="http%3A%2F%2Fsmarterlogix.com%2FiosSecureApps%2FPakIndiaTVHD%2FV1-2%2FImages%2Fsky_sports.jpg">PlayMedia(&quot;plugin://plugin.video.livehub2/?url=http%3A%2F%2F95.154.237.88%3A8080%2FMatH33Raaa%2Fsiyyekksp4%2Findex.m3u8%7CUser-Agent%3DAppleCoreMedia%2F1.0.0.13A452+%28iPhone%3B+U%3B+CPU+OS+9_0_2+like+Mac+OS+X%3B+en_gb%29&amp;mode=9999&amp;name=Sky+Sports+4&amp;iconimage=http%253A%252F%252Fsmarterlogix.com%252FiosSecureApps%252FPakIndiaTVHD%252FV1-2%252FImages%252Fsky_sports.jpg&amp;description=&quot;)</favourite>
    
    <favourite name="Sky Sports F1" thumb="http%3A%2F%2Fsmarterlogix.com%2FiosSecureApps%2FPakIndiaTVHD%2FV1-2%2FImages%2Fsky_sports.jpg">PlayMedia(&quot;plugin://plugin.video.livehub2/?url=http%3A%2F%2F95.154.237.88%3A8080%2FMatH33Raaa%2Fsiyyekkspf1%2Findex.m3u8%7CUser-Agent%3DAppleCoreMedia%2F1.0.0.13A452+%28iPhone%3B+U%3B+CPU+OS+9_0_2+like+Mac+OS+X%3B+en_gb%29&amp;mode=9999&amp;name=Sky+Sports+F1&amp;iconimage=http%253A%252F%252Fsmarterlogix.com%252FiosSecureApps%252FPakIndiaTVHD%252FV1-2%252FImages%252Fsky_sports.jpg&amp;description=&quot;)</favourite>
    
    <favourite name="Sky Sports Mix" thumb="http%3A%2F%2Fsmarterlogix.com%2FiosSecureApps%2FPakIndiaTVHD%2FV1-2%2FImages%2Feuropean_u21_champ.jpg">PlayMedia(&quot;plugin://plugin.video.livehub2/?url=http%3A%2F%2F95.154.237.88%3A8080%2FMatH33Raaa%2Fsiyyekksp-meix%2Findex.m3u8%7CUser-Agent%3DAppleCoreMedia%2F1.0.0.13A452+%28iPhone%3B+U%3B+CPU+OS+9_0_2+like+Mac+OS+X%3B+en_gb%29&amp;mode=9999&amp;name=Channel+4&amp;iconimage=http%253A%252F%252Fsmarterlogix.com%252FiosSecureApps%252FPakIndiaTVHD%252FV1-2%252FImages%252Feuropean_u21_champ.jpg&amp;description=&quot;)</favourite>
    
    <favourite name="Sky Sports Cricket" thumb="http%3A%2F%2Fsmarterlogix.com%2FiosSecureApps%2FPakIndiaTVHD%2FV1-2%2FImages%2Famerican_mls_league.png">PlayMedia(&quot;plugin://plugin.video.livehub2/?url=http%3A%2F%2F95.154.237.88%3A8080%2FMatH33Raaa%2Fsiyyekksp2%2Findex.m3u8%7CUser-Agent%3DAppleCoreMedia%2F1.0.0.13A452+%28iPhone%3B+U%3B+CPU+OS+9_0_2+like+Mac+OS+X%3B+en_gb%29&amp;mode=9999&amp;name=Channel+1&amp;iconimage=http%253A%252F%252Fsmarterlogix.com%252FiosSecureApps%252FPakIndiaTVHD%252FV1-2%252FImages%252Famerican_mls_league.png&amp;description=&quot;)</favourite>
    <favourite name="Sky Sports Cricket 2" thumb="http%3A%2F%2Fsmarterlogix.com%2FiosSecureApps%2FPakIndiaTVHD%2FV1-2%2FImages%2Feuropean_u21_champ.jpg">PlayMedia(&quot;plugin://plugin.video.livehub2/?url=http%3A%2F%2F95.154.237.88%3A8080%2FMatH33Raaa%2Fsiyyekksp2%2Findex.m3u8%7CUser-Agent%3DAppleCoreMedia%2F1.0.0.13A452+%28iPhone%3B+U%3B+CPU+OS+9_0_2+like+Mac+OS+X%3B+en_gb%29&amp;mode=9999&amp;name=Channel+2&amp;iconimage=http%253A%252F%252Fsmarterlogix.com%252FiosSecureApps%252FPakIndiaTVHD%252FV1-2%252FImages%252Feuropean_u21_champ.jpg&amp;description=&quot;)</favourite>
    <favourite name="Sky Sports Cricket 3" thumb="http%3A%2F%2Fsmarterlogix.com%2FiosSecureApps%2FPakIndiaTVHD%2FV1-2%2FImages%2Fatp_world_tour.jpg">PlayMedia(&quot;plugin://plugin.video.livehub2/?url=http%3A%2F%2F95.154.237.88%3A8080%2FMatH33Raaa%2Fsiyyekksp2%2Findex.m3u8%7CUser-Agent%3DAppleCoreMedia%2F1.0.0.13A452+%28iPhone%3B+U%3B+CPU+OS+9_0_2+like+Mac+OS+X%3B+en_gb%29&amp;mode=9999&amp;name=Channel+3&amp;iconimage=http%253A%252F%252Fsmarterlogix.com%252FiosSecureApps%252FPakIndiaTVHD%252FV1-2%252FImages%252Fatp_world_tour.jpg&amp;description=&quot;)</favourite>
    <favourite name="Sky Sports Cricket 4" thumb="http%3A%2F%2Fsmarterlogix.com%2FiosSecureApps%2FPakIndiaTVHD%2FV1-2%2FImages%2Findvsnz.jpg">PlayMedia(&quot;plugin://plugin.video.livehub2/?url=http%3A%2F%2F95.154.237.88%3A8080%2FMatH33Raaa%2Fsiyyekksp2%2Findex.m3u8%7CUser-Agent%3DAppleCoreMedia%2F1.0.0.13A452+%28iPhone%3B+U%3B+CPU+OS+9_0_2+like+Mac+OS+X%3B+en_gb%29&amp;mode=9999&amp;name=Link+1&amp;iconimage=http%253A%252F%252Fsmarterlogix.com%252FiosSecureApps%252FPakIndiaTVHD%252FV1-2%252FImages%252Findvsnz.jpg&amp;description=&quot;)</favourite>
    <favourite name="Sky Sports Cricket 5" thumb="http%3A%2F%2Fsmarterlogix.com%2FiosSecureApps%2FPakIndiaTVHD%2FV1-2%2FImages%2Fbangvssa.jpg">PlayMedia(&quot;plugin://plugin.video.livehub2/?url=http%3A%2F%2F95.154.237.88%3A8080%2FMatH33Raaa%2Fsiyyekksp2%2Findex.m3u8%7CUser-Agent%3DAppleCoreMedia%2F1.0.0.13A452+%28iPhone%3B+U%3B+CPU+OS+9_0_2+like+Mac+OS+X%3B+en_gb%29&amp;mode=9999&amp;name=Link+3&amp;iconimage=http%253A%252F%252Fsmarterlogix.com%252FiosSecureApps%252FPakIndiaTVHD%252FV1-2%252FImages%252Fbangvssa.jpg&amp;description=&quot;)</favourite>
    <favourite name="Sky Sports Cricket 6" thumb="http%3A%2F%2Fsmarterlogix.com%2FiosSecureApps%2FPakIndiaTVHD%2FV1-2%2FImages%2Ft20_blast.jpg">PlayMedia(&quot;plugin://plugin.video.livehub2/?url=http%3A%2F%2F95.154.237.88%3A8080%2FMatH33Raaa%2Fsiyyekksp2%2Findex.m3u8%7CUser-Agent%3DAppleCoreMedia%2F1.0.0.13A452+%28iPhone%3B+U%3B+CPU+OS+9_0_2+like+Mac+OS+X%3B+en_gb%29&amp;mode=9999&amp;name=RUGBY+1&amp;iconimage=http%253A%252F%252Fsmarterlogix.com%252FiosSecureApps%252FPakIndiaTVHD%252FV1-2%252FImages%252Ft20_blast.jpg&amp;description=&quot;)</favourite>
    <favourite name="Sky Sports Cricket 7" thumb="http%3A%2F%2Fsmarterlogix.com%2FiosSecureApps%2FPakIndiaTVHD%2FV1-2%2FImages%2Fsky_sports.jpg">PlayMedia(&quot;plugin://plugin.video.livehub2/?url=http%3A%2F%2F95.154.237.88%3A8080%2FMatH33Raaa%2Fsiyyekksp2%2Findex.m3u8%7CUser-Agent%3DAppleCoreMedia%2F1.0.0.13A452+%28iPhone%3B+U%3B+CPU+OS+9_0_2+like+Mac+OS+X%3B+en_gb%29&amp;mode=9999&amp;name=Sky+Sports+Mix&amp;iconimage=http%253A%252F%252Fsmarterlogix.com%252FiosSecureApps%252FPakIndiaTVHD%252FV1-2%252FImages%252Fsky_sports.jpg&amp;description=&quot;)</favourite>
    <favourite name="Willow HD" thumb="http%3A%2F%2Fsmarterlogix.com%2FiosSecureApps%2FPakIndiaTVHD%2FV1-2%2FImages%2Findvsnz.jpg">PlayMedia(&quot;plugin://plugin.video.livehub2/?url=http%3A%2F%2F95.154.237.88%3A8080%2FMatH33Raaa%2Fwyellow%2Findex.m3u8%7CUser-Agent%3DAppleCoreMedia%2F1.0.0.13A452+%28iPhone%3B+U%3B+CPU+OS+9_0_2+like+Mac+OS+X%3B+en_gb%29&amp;mode=9999&amp;name=Link+2&amp;iconimage=http%253A%252F%252Fsmarterlogix.com%252FiosSecureApps%252FPakIndiaTVHD%252FV1-2%252FImages%252Findvsnz.jpg&amp;description=&quot;)</favourite>
    <favourite name="Willow HD" thumb="http%3A%2F%2Fsmarterlogix.com%2FiosSecureApps%2FPakIndiaTVHD%2FV1-2%2FImages%2Fzimvswi.jpg">PlayMedia(&quot;plugin://plugin.video.livehub2/?url=http%3A%2F%2F95.154.237.88%3A8080%2FMatH33Raaa%2Fwyellow%2Findex.m3u8%7CUser-Agent%3DAppleCoreMedia%2F1.0.0.13A452+%28iPhone%3B+U%3B+CPU+OS+9_0_2+like+Mac+OS+X%3B+en_gb%29&amp;mode=9999&amp;name=Link+1&amp;iconimage=http%253A%252F%252Fsmarterlogix.com%252FiosSecureApps%252FPakIndiaTVHD%252FV1-2%252FImages%252Fzimvswi.jpg&amp;description=&quot;)</favourite>
    <favourite name="Willow HD" thumb="http%3A%2F%2Fsmarterlogix.com%2FiosSecureApps%2FPakIndiaTVHD%2FV1-2%2FImages%2Fpakvssri.jpg">PlayMedia(&quot;plugin://plugin.video.livehub2/?url=http%3A%2F%2F95.154.237.88%3A8080%2FMatH33Raaa%2Fwyellow%2Findex.m3u8%7CUser-Agent%3DAppleCoreMedia%2F1.0.0.13A452+%28iPhone%3B+U%3B+CPU+OS+9_0_2+like+Mac+OS+X%3B+en_gb%29&amp;mode=9999&amp;name=Link+5&amp;iconimage=http%253A%252F%252Fsmarterlogix.com%252FiosSecureApps%252FPakIndiaTVHD%252FV1-2%252FImages%252Fpakvssri.jpg&amp;description=&quot;)</favourite>
    
    <favourite name="Sky Sports News 1" thumb="http%3A%2F%2Fsmarterlogix.com%2FiosSecureApps%2FPakIndiaTVHD%2FV1-2%2FImages%2Fsky_sports.jpg">PlayMedia(&quot;plugin://plugin.video.livehub2/?url=http%3A%2F%2F95.154.237.88%3A8080%2FMatH33Raaa%2Fsiyyekkspnews%2Findex.m3u8%7CUser-Agent%3DAppleCoreMedia%2F1.0.0.13A452+%28iPhone%3B+U%3B+CPU+OS+9_0_2+like+Mac+OS+X%3B+en_gb%29&amp;mode=9999&amp;name=Sky+Sports+News+1&amp;iconimage=http%253A%252F%252Fsmarterlogix.com%252FiosSecureApps%252FPakIndiaTVHD%252FV1-2%252FImages%252Fsky_sports.jpg&amp;description=&quot;)</favourite>

    <favourite name="[B][COLOR white]Chelsea TV[/COLOR][/B]" thumb="http://geekpeaksoftware.com/wp-content/uploads/2016/10/mobdro.png">PlayMedia(&quot;plugin://plugin.program.super.favourites/?label=%5BB%5D%5BCOLOR+white%5DChelsea+TV%5B%2FCOLOR%5D%5B%2FB%5D&amp;mode=650&amp;cmd=ActivateWindow%2810025%2C%22plugin%3A%2F%2Fplugin.video.livehub2%2F%3Fdescription%26iconimage%3Dhttp%253a%252f%252fgeekpeaksoftware.com%252fwp-content%252fuploads%252f2016%252f10%252fmobdro.png%26mode%3D10%26name%3D%255bB%255d%255bCOLOR%2520white%255dChelsea%2520TV%255b%252fCOLOR%255d%255b%252fB%255d%26url%3Dmpd%253a%252f%252fdc3b39d192930d7e940b1d58bda64bcf.m3u8%22%2Creturn%29&amp;image=http%3A%2F%2Fgeekpeaksoftware.com%2Fwp-content%2Fuploads%2F2016%2F10%2Fmobdro.png&amp;content_type=&quot;)</favourite>
    <favourite name="[B][COLOR white]Premier Sports[/COLOR][/B]" thumb="http://geekpeaksoftware.com/wp-content/uploads/2016/10/mobdro.png">ActivateWindow(10025,&quot;plugin://plugin.video.livehub2/?description&amp;iconimage=http%3a%2f%2fgeekpeaksoftware.com%2fwp-content%2fuploads%2f2016%2f10%2fmobdro.png&amp;mode=10&amp;name=%5bB%5d%5bCOLOR%20white%5dPremier%20Sports%5b%2fCOLOR%5d%5b%2fB%5d&amp;url=mpd%3a%2f%2f2d18f483dbcf20bf0cc41b916f026d6b.m3u8&quot;,return)</favourite>
    <favourite name="[B][COLOR white]MUTV[/COLOR][/B]" thumb="http://geekpeaksoftware.com/wp-content/uploads/2016/10/mobdro.png">ActivateWindow(10025,&quot;plugin://plugin.video.livehub2/?description&amp;iconimage=http%3a%2f%2fgeekpeaksoftware.com%2fwp-content%2fuploads%2f2016%2f10%2fmobdro.png&amp;mode=10&amp;name=%5bB%5d%5bCOLOR%20white%5dMUTV%5b%2fCOLOR%5d%5b%2fB%5d&amp;url=mpd%3a%2f%2f50e67d468d54cd43a2bd100b5ef8a53e.m3u8&quot;,return)</favourite>
    <favourite name="[B][COLOR white]Liverpool TV[/COLOR][/B]" thumb="http://geekpeaksoftware.com/wp-content/uploads/2016/10/mobdro.png">ActivateWindow(10025,&quot;plugin://plugin.video.livehub2/?description&amp;iconimage=http%3a%2f%2fgeekpeaksoftware.com%2fwp-content%2fuploads%2f2016%2f10%2fmobdro.png&amp;mode=10&amp;name=%5bB%5d%5bCOLOR%20white%5dLiverpool%20TV%5b%2fCOLOR%5d%5b%2fB%5d&amp;url=mpd%3a%2f%2f71a00014007ea740e245d9a342300cab.m3u8&quot;,return)</favourite>
    <favourite name="[B][COLOR white]Chelsea TV[/COLOR][/B]" thumb="http://geekpeaksoftware.com/wp-content/uploads/2016/10/mobdro.png">ActivateWindow(10025,&quot;plugin://plugin.video.livehub2/?description&amp;iconimage=http%3a%2f%2fgeekpeaksoftware.com%2fwp-content%2fuploads%2f2016%2f10%2fmobdro.png&amp;mode=10&amp;name=%5bB%5d%5bCOLOR%20white%5dChelsea%20TV%5b%2fCOLOR%5d%5b%2fB%5d&amp;url=mpd%3a%2f%2fdc3b39d192930d7e940b1d58bda64bcf.m3u8&quot;,return)</favourite>
    <favourite name="[B][COLOR white]Box Nation[/COLOR][/B]" thumb="http://geekpeaksoftware.com/wp-content/uploads/2016/10/mobdro.png">ActivateWindow(10025,&quot;plugin://plugin.video.livehub2/?description&amp;iconimage=http%3a%2f%2fgeekpeaksoftware.com%2fwp-content%2fuploads%2f2016%2f10%2fmobdro.png&amp;mode=10&amp;name=%5bB%5d%5bCOLOR%20white%5dBox%20Nation%5b%2fCOLOR%5d%5b%2fB%5d&amp;url=mpd%3a%2f%2f96433d4a4b7fe9fdddcc23da704dce11.m3u8&quot;,return)</favourite>
    <favourite name="[B][COLOR white]At the Races[/COLOR][/B]" thumb="http://geekpeaksoftware.com/wp-content/uploads/2016/10/mobdro.png">ActivateWindow(10025,&quot;plugin://plugin.video.livehub2/?description&amp;iconimage=http%3a%2f%2fgeekpeaksoftware.com%2fwp-content%2fuploads%2f2016%2f10%2fmobdro.png&amp;mode=10&amp;name=%5bB%5d%5bCOLOR%20white%5dAt%20the%20Races%5b%2fCOLOR%5d%5b%2fB%5d&amp;url=mpd%3a%2f%2f770491f6a94a4901fb248d5f6659d88a.m3u8&quot;,return)</favourite>
    <favourite name="[B][COLOR white]Racing UK[/COLOR][/B]" thumb="http://geekpeaksoftware.com/wp-content/uploads/2016/10/mobdro.png">ActivateWindow(10025,&quot;plugin://plugin.video.livehub2/?description&amp;iconimage=http%3a%2f%2fgeekpeaksoftware.com%2fwp-content%2fuploads%2f2016%2f10%2fmobdro.png&amp;mode=10&amp;name=%5bB%5d%5bCOLOR%20white%5dRacing%20UK%5b%2fCOLOR%5d%5b%2fB%5d&amp;url=mpd%3a%2f%2f7e8c4145e3a4119dbe243813d877aca8.m3u8&quot;,return)</favourite>
    <favourite name="[B][COLOR white]British Eurosport 1[/COLOR][/B]" thumb="http://geekpeaksoftware.com/wp-content/uploads/2016/10/mobdro.png">ActivateWindow(10025,&quot;plugin://plugin.video.livehub2/?description&amp;iconimage=http%3a%2f%2fgeekpeaksoftware.com%2fwp-content%2fuploads%2f2016%2f10%2fmobdro.png&amp;mode=10&amp;name=%5bB%5d%5bCOLOR%20white%5dBritish%20Eurosport%201%5b%2fCOLOR%5d%5b%2fB%5d&amp;url=mpd%3a%2f%2f7adc3be6083aeecdcfd51f2cc92d3713.m3u8&quot;,return)</favourite>
    <favourite name="[B][COLOR white]British Eurosport 2[/COLOR][/B]" thumb="http://geekpeaksoftware.com/wp-content/uploads/2016/10/mobdro.png">ActivateWindow(10025,&quot;plugin://plugin.video.livehub2/?description&amp;iconimage=http%3a%2f%2fgeekpeaksoftware.com%2fwp-content%2fuploads%2f2016%2f10%2fmobdro.png&amp;mode=10&amp;name=%5bB%5d%5bCOLOR%20white%5dBritish%20Eurosport%202%5b%2fCOLOR%5d%5b%2fB%5d&amp;url=mpd%3a%2f%2fb17a4be223d6d945f21785dc401a0429.m3u8&quot;,return)</favourite>
    <favourite name="Star Sports 1 (prem)" thumb="http%3A%2F%2Fsmarterlogix.com%2FiosSecureApps%2FPakIndiaTVHD%2FV1-2%2FImages%2Findvsnz.jpg">PlayMedia(&quot;plugin://plugin.video.livehub2/?url=http%3A%2F%2F95.154.237.88%3A8080%2FMatH33Raaa%2Fseater3%2Findex.m3u8%7CUser-Agent%3DAppleCoreMedia%2F1.0.0.13A452+%28iPhone%3B+U%3B+CPU+OS+9_0_2+like+Mac+OS+X%3B+en_gb%29&amp;mode=9999&amp;name=Link+4&amp;iconimage=http%253A%252F%252Fsmarterlogix.com%252FiosSecureApps%252FPakIndiaTVHD%252FV1-2%252FImages%252Findvsnz.jpg&amp;description=&quot;)</favourite>
    <favourite name="Star Sports 2 HD" thumb="http%3A%2F%2Fsmarterlogix.com%2FiosSecureApps%2FPakIndiaTVHD%2FV1-2%2FImages%2Fpro_kabaddi.jpg">PlayMedia(&quot;plugin://plugin.video.livehub2/?url=http%3A%2F%2F95.154.237.88%3A8080%2FMatH33Raaa%2Fseater2%2Findex.m3u8%7CUser-Agent%3DAppleCoreMedia%2F1.0.0.13A452+%28iPhone%3B+U%3B+CPU+OS+9_0_2+like+Mac+OS+X%3B+en_gb%29&amp;mode=9999&amp;name=Link+2&amp;iconimage=http%253A%252F%252Fsmarterlogix.com%252FiosSecureApps%252FPakIndiaTVHD%252FV1-2%252FImages%252Fpro_kabaddi.jpg&amp;description=&quot;)</favourite>
    <favourite name="Sony Ten 1" thumb="http%3A%2F%2Fsmarterlogix.com%2FiosSecureApps%2FPakIndiaTVHD%2FV1-2%2FImages%2Finternational_champ_cup.jpg">PlayMedia(&quot;plugin://plugin.video.livehub2/?url=http%3A%2F%2F95.154.237.88%3A8080%2FMatH33RaaaT3Ein-sp-1%2FStrm%2Findex.m3u8%7CUser-Agent%3DAppleCoreMedia%2F1.0.0.13A452+%28iPhone%3B+U%3B+CPU+OS+9_0_2+like+Mac+OS+X%3B+en_gb%29&amp;mode=9999&amp;name=Link+2&amp;iconimage=http%253A%252F%252Fsmarterlogix.com%252FiosSecureApps%252FPakIndiaTVHD%252FV1-2%252FImages%252Finternational_champ_cup.jpg&amp;description=&quot;)</favourite>
    <favourite name="Sony ESPN" thumb="http%3A%2F%2Fsmarterlogix.com%2FiosSecureApps%2FPakIndiaTVHD%2FV1-2%2FImages%2Finternational_champ_cup.jpg">PlayMedia(&quot;plugin://plugin.video.livehub2/?url=http%3A%2F%2F95.154.237.88%3A8080%2FMatH33Raaa%2FsDhoonYesppn%2Findex.m3u8%7CUser-Agent%3DAppleCoreMedia%2F1.0.0.13A452+%28iPhone%3B+U%3B+CPU+OS+9_0_2+like+Mac+OS+X%3B+en_gb%29&amp;mode=9999&amp;name=Link+3&amp;iconimage=http%253A%252F%252Fsmarterlogix.com%252FiosSecureApps%252FPakIndiaTVHD%252FV1-2%252FImages%252Finternational_champ_cup.jpg&amp;description=&quot;)</favourite>
</favourites>