<?xml version="1.0" encoding="utf-8"?>
<!--Titan-->
<window>
    <defaultcontrol always="true">-</defaultcontrol>
    <allowoverlay>no</allowoverlay>
    <controls>
        <control type="group">
		
            <animation type="WindowOpen" condition="!Player.Muted">
                <effect type="slide" start="200,0" end="0,0" time="400" tween="cubic" easing="inout" delay="0" />
            </animation>
            <animation type="WindowClose" condition="!Player.Muted">
                <effect type="slide" start="0,0" end="200,0" time="400" tween="cubic" easing="inout" delay="0" />
            </animation>
			
			<control type="image">
                <visible>player.passthrough</visible>
                <right>20</right>
				<top>-30</top>
				<width>200</width>
				<height>200</height>
                <texture colordiffuse="$INFO[Skin.String(OSDButtonsColor)]">dialogs/volume/passthrough.png</texture>
            </control>
			
			<control type="image">
                <visible>substring(Player.Volume,-60.0) + !player.passthrough + !Skin.String(volumestyle,modern) + !Skin.String(volumestyle,modern-alt)</visible>
                <right>20</right>
				<top>-30</top>
				<width>200</width>
				<height>200</height>
                <texture colordiffuse="EEFF0000">dialogs/volume/mute.png</texture>
            </control>
			
			<control type="image">
                <visible>substring(Player.Volume,-60.0) + !player.passthrough + [Skin.String(volumestyle,modern) | Skin.String(volumestyle,modern-alt)]</visible>
                <right>20</right>
				<top>-30</top>
				<width>200</width>
				<height>200</height>
                <texture colordiffuse="EEFF0000">dialogs/volume/modern/muted.png</texture>
            </control>
			
            <control type="group">
                <visible>!substring(Player.Volume,-60.0) + !player.passthrough</visible>

				<!-- Volume Indicator Basic -->
				<control type="group">
				<visible>Skin.HasSetting(LowPerformanceMode) | Skin.String(volumestyle,basic) | !Skin.String(volumestyle)</visible>
					<control type="image">
						<right>20</right>
						<top>-20</top>
						<width>200</width>
						<height>200</height>
						<texture>dialogs/volume/volume.png</texture>
					</control>
					
					<control type="label">
						<right>20</right>
						<top>120</top>
						<height>24</height>
						<width>200</width>
						<align>center</align>
						<font>Bold32</font>
						<label>$INFO[Control.GetLabel(1)]</label>
						<visible>!IntegerGreaterThan(player.volume,99)</visible>
						<textcolor>$INFO[Skin.String(OSDPrimaryTextColor)]</textcolor>
						<shadowcolor>$INFO[Skin.String(OSDPrimaryTextShadowColor)]</shadowcolor>
					</control>
					
					<control type="label">
						<right>20</right>
						<top>120</top>
						<width>200</width>
						<height>24</height>
						<align>center</align>
						<font>Bold32</font>
						<label>$INFO[Control.GetLabel(1)]</label>
						<visible>IntegerGreaterThan(player.volume,99)</visible>
						<textcolor>$INFO[Skin.String(OSDPrimaryTextColor)]</textcolor>
						<shadowcolor>$INFO[Skin.String(OSDPrimaryTextShadowColor)]</shadowcolor>
					</control>
				</control>
				
				<!-- Volume Indicator Modern -->
				<control type="group">
				<visible>!Skin.HasSetting(LowPerformanceMode) + [Skin.String(volumestyle,modern) | Skin.String(volumestyle,modern-alt)]</visible>
					<control type="image">
						<right>20</right>
						<top>-30</top>
						<width>200</width>
						<height>200</height>
						<texture colordiffuse="$INFO[Skin.String(OSDPanelColor)]">dialogs/volume/modern/bottom-panel.png</texture>
						<animation effect="fade" end="35" time="0" condition="true">Conditional</animation>
					</control>
					
					<control type="image">
						<right>20</right>
						<top>-30</top>
						<width>200</width>
						<height>200</height>
						<texture colordiffuse="$INFO[Skin.String(OSDButtonsColor)]">dialogs/volume/modern/icon.png</texture>
						<animation effect="fade" end="40" time="0" condition="true">Conditional</animation>
						<visible>!Skin.String(volumestyle,modern-alt)</visible>
					</control>

					<control type="image">
						<right>20</right>
						<top>-30</top>
						<width>200</width>
						<height>200</height>
						<texture colordiffuse="$INFO[Skin.String(OSDButtonsFocusColor)]">dialogs/volume/modern/icon.png</texture>
						<animation effect="fade" end="20" time="0" condition="true">Conditional</animation>
						<visible>!Skin.String(volumestyle,modern-alt)</visible>
					</control>
					
					<control type="image">
						<right>20</right>
						<top>-30</top>
						<width>200</width>
						<height>200</height>
						<texture>dialogs/volume/modern/back.png</texture>
						<include>Fade10</include>
						</control>

					<control type="image">
						<right>20</right>
						<top>-30</top>
						<width>200</width>
						<height>200</height>
						<texture colordiffuse="$INFO[Skin.String(OSDButtonsFocusColor)]">dialogs/volume/modern/p$INFO[Control.GetLabel(1)].png</texture>
						<visible>Integer.IsGreater(Player.Volume,90)</visible>
						<include>Fade100</include>
					</control>
					
					<control type="image">
						<right>20</right>
						<top>-30</top>
						<width>200</width>
						<height>200</height>
						<texture colordiffuse="$INFO[Skin.String(OSDButtonsFocusColor)]">dialogs/volume/modern/p$INFO[Control.GetLabel(1)].png</texture>
						<visible>Integer.IsGreater(Player.Volume,80) + !Integer.IsGreater(Player.Volume,90)</visible>
						<include>Fade90</include>
					</control>
					
					<control type="image">
						<right>20</right>
						<top>-30</top>
						<width>200</width>
						<height>200</height>
						<texture colordiffuse="$INFO[Skin.String(OSDButtonsFocusColor)]">dialogs/volume/modern/p$INFO[Control.GetLabel(1)].png</texture>
						<visible>Integer.IsGreater(Player.Volume,70) + !Integer.IsGreater(Player.Volume,80)</visible>
						<include>Fade80</include>
					</control>
					
					<control type="image">
						<right>20</right>
						<top>-30</top>
						<width>200</width>
						<height>200</height>
						<texture colordiffuse="$INFO[Skin.String(OSDButtonsFocusColor)]">dialogs/volume/modern/p$INFO[Control.GetLabel(1)].png</texture>
						<visible>Integer.IsGreater(Player.Volume,60) + !Integer.IsGreater(Player.Volume,70)</visible>
						<include>Fade70</include>
					</control>
					
					<control type="image">
						<right>20</right>
						<top>-30</top>
						<width>200</width>
						<height>200</height>
						<texture colordiffuse="$INFO[Skin.String(OSDButtonsFocusColor)]">dialogs/volume/modern/p$INFO[Control.GetLabel(1)].png</texture>
						<visible>Integer.IsGreater(Player.Volume,50) + !Integer.IsGreater(Player.Volume,60)</visible>
						<include>Fade60</include>
					</control>
					
					<control type="image">
						<right>20</right>
						<top>-30</top>
						<width>200</width>
						<height>200</height>
						<texture colordiffuse="$INFO[Skin.String(OSDButtonsFocusColor)]">dialogs/volume/modern/p$INFO[Control.GetLabel(1)].png</texture>
						<visible>Integer.IsGreater(Player.Volume,40) + !Integer.IsGreater(Player.Volume,50)</visible>
						<include>Fade50</include>
					</control>
					
					<control type="image">
						<right>20</right>
						<top>-30</top>
						<width>200</width>
						<height>200</height>
						<texture colordiffuse="$INFO[Skin.String(OSDButtonsFocusColor)]">dialogs/volume/modern/p$INFO[Control.GetLabel(1)].png</texture>
						<visible>Integer.IsGreater(Player.Volume,30) + !Integer.IsGreater(Player.Volume,40)</visible>
						<include>Fade40</include>
					</control>
					
					<control type="image">
						<right>20</right>
						<top>-30</top>
						<width>200</width>
						<height>200</height>
						<texture colordiffuse="$INFO[Skin.String(OSDButtonsFocusColor)]">dialogs/volume/modern/p$INFO[Control.GetLabel(1)].png</texture>
						<visible>Integer.IsGreater(Player.Volume,20) + !Integer.IsGreater(Player.Volume,30)</visible>
						<include>Fade30</include>
					</control>
					
					<control type="image">
						<right>20</right>
						<top>-30</top>
						<width>200</width>
						<height>200</height>
						<texture colordiffuse="$INFO[Skin.String(OSDButtonsFocusColor)]">dialogs/volume/modern/p$INFO[Control.GetLabel(1)].png</texture>
						<visible>Integer.IsGreater(Player.Volume,10) + !Integer.IsGreater(Player.Volume,20)</visible>
						<include>Fade20</include>
					</control>
					
					<control type="image">
						<right>20</right>
						<top>-30</top>
						<width>200</width>
						<height>200</height>
						<texture colordiffuse="$INFO[Skin.String(OSDButtonsFocusColor)]">dialogs/volume/modern/p$INFO[Control.GetLabel(1)].png</texture>
						<visible>!Integer.IsGreater(Player.Volume,10)</visible>
						<include>Fade10</include>
					</control>
					
					<control type="label">
						<right>20</right>
						<top>-30</top>
						<width>200</width>
						<height>200</height>
						<aligny>center</aligny>
						<align>center</align>
						<font>Bold40</font>
						<label>$INFO[Control.GetLabel(1)]</label>
						<visible>!IntegerGreaterThan(player.volume,99)</visible>
						<textcolor>$INFO[Skin.String(OSDPrimaryTextColor)]</textcolor>
						<shadowcolor>$INFO[Skin.String(OSDPrimaryTextShadowColor)]</shadowcolor>
					</control>
					
					<control type="label">
						<right>20</right>
						<top>-30</top>
						<width>200</width>
						<height>200</height>
						<aligny>center</aligny>
						<align>center</align>					
						<font>Bold40</font>
						<label>$INFO[Control.GetLabel(1)]</label>
						<visible>IntegerGreaterThan(player.volume,99)</visible>
						<textcolor>$INFO[Skin.String(OSDPrimaryTextColor)]</textcolor>
						<shadowcolor>$INFO[Skin.String(OSDPrimaryTextShadowColor)]</shadowcolor>
					</control>
				</control>

				<!-- Volume Indicator Classic -->
				<control type="group">
				<visible>!Skin.HasSetting(LowPerformanceMode) + Skin.String(volumestyle,classic)</visible>

					<control type="image">
						<right>20</right>
						<top>-20</top>
						<width>200</width>
						<height>200</height>
						<texture>dialogs/volume/volume.png</texture>
					</control>
					
					<control type="image">
						<right>20</right>
						<top>-20</top>
						<width>200</width>
						<height>200</height>
						<texture colordiffuse="$INFO[Skin.String(ButtonFocusColor)]">dialogs/volume/classic/p1.png</texture>
						<visible>IntegerGreaterThan(player.volume,0)</visible>
					</control>
					
					<control type="image">
						<right>20</right>
						<top>-20</top>
						<width>200</width>
						<height>200</height>
						<texture colordiffuse="$INFO[Skin.String(ButtonFocusColor)]">dialogs/volume/classic/p2.png</texture>
						<visible>IntegerGreaterThan(player.volume,3)</visible>
					</control>
					
					<control type="image">
						<right>20</right>
						<top>-20</top>
						<width>200</width>
						<height>200</height>
						<texture colordiffuse="$INFO[Skin.String(ButtonFocusColor)]">dialogs/volume/classic/p3.png</texture>
						<visible>IntegerGreaterThan(player.volume,6)</visible>
					</control>
					
					<control type="image">
						<right>20</right>
						<top>-20</top>
						<width>200</width>
						<height>200</height>
						<texture colordiffuse="$INFO[Skin.String(ButtonFocusColor)]">dialogs/volume/classic/p4.png</texture>
						<visible>IntegerGreaterThan(player.volume,9)</visible>
					</control>
					
					<control type="image">
						<right>20</right>
						<top>-20</top>
						<width>200</width>
						<height>200</height>
						<texture colordiffuse="$INFO[Skin.String(ButtonFocusColor)]">dialogs/volume/classic/p5.png</texture>
						<visible>IntegerGreaterThan(player.volume,12)</visible>
					</control>
					
					<control type="image">
						<right>20</right>
						<top>-20</top>
						<width>200</width>
						<height>200</height>
						<texture colordiffuse="$INFO[Skin.String(ButtonFocusColor)]">dialogs/volume/classic/p6.png</texture>
						<visible>IntegerGreaterThan(player.volume,16)</visible>
					</control>
					
					<control type="image">
						<right>20</right>
						<top>-20</top>
						<width>200</width>
						<height>200</height>
						<texture colordiffuse="$INFO[Skin.String(ButtonFocusColor)]">dialogs/volume/classic/p7.png</texture>
						<visible>IntegerGreaterThan(player.volume,19)</visible>
					</control>
					
					<control type="image">
						<right>20</right>
						<top>-20</top>
						<width>200</width>
						<height>200</height>
						<texture colordiffuse="$INFO[Skin.String(ButtonFocusColor)]">dialogs/volume/classic/p8.png</texture>
						<visible>IntegerGreaterThan(player.volume,22)</visible>
					</control>
					
					<control type="image">
						<right>20</right>
						<top>-20</top>
						<width>200</width>
						<height>200</height>
						<texture colordiffuse="$INFO[Skin.String(ButtonFocusColor)]">dialogs/volume/classic/p9.png</texture>
						<visible>IntegerGreaterThan(player.volume,25)</visible>
					</control>
					
					<control type="image">
						<right>20</right>
						<top>-20</top>
						<width>200</width>
						<height>200</height>
						<texture colordiffuse="$INFO[Skin.String(ButtonFocusColor)]">dialogs/volume/classic/p10.png</texture>
						<visible>IntegerGreaterThan(player.volume,28)</visible>
					</control>
					
					<control type="image">
						<right>20</right>
						<top>-20</top>
						<width>200</width>
						<height>200</height>
						<texture colordiffuse="$INFO[Skin.String(ButtonFocusColor)]">dialogs/volume/classic/p11.png</texture>
						<visible>IntegerGreaterThan(player.volume,32)</visible>
					</control>
					
					<control type="image">
						<right>20</right>
						<top>-20</top>
						<width>200</width>
						<height>200</height>
						<texture colordiffuse="$INFO[Skin.String(ButtonFocusColor)]">dialogs/volume/classic/p12.png</texture>
						<visible>IntegerGreaterThan(player.volume,35)</visible>
					</control>
					
					<control type="image">
						<right>20</right>
						<top>-20</top>
						<width>200</width>
						<height>200</height>
						<texture colordiffuse="$INFO[Skin.String(ButtonFocusColor)]">dialogs/volume/classic/p13.png</texture>
						<visible>IntegerGreaterThan(player.volume,38)</visible>
					</control>
					
					<control type="image">
						<right>20</right>
						<top>-20</top>
						<width>200</width>
						<height>200</height>
						<texture colordiffuse="$INFO[Skin.String(ButtonFocusColor)]">dialogs/volume/classic/p14.png</texture>
						<visible>IntegerGreaterThan(player.volume,41)</visible>
					</control>
					
					<control type="image">
						<right>20</right>
						<top>-20</top>
						<width>200</width>
						<height>200</height>
						<texture colordiffuse="$INFO[Skin.String(ButtonFocusColor)]">dialogs/volume/classic/p15.png</texture>
						<visible>IntegerGreaterThan(player.volume,44)</visible>
					</control>
					
					<control type="image">
						<right>20</right>
						<top>-20</top>
						<width>200</width>
						<height>200</height>
						<texture colordiffuse="$INFO[Skin.String(ButtonFocusColor)]">dialogs/volume/classic/p16.png</texture>
						<visible>IntegerGreaterThan(player.volume,48)</visible>
					</control>
					
					<control type="image">
						<right>20</right>
						<top>-20</top>
						<width>200</width>
						<height>200</height>
						<texture colordiffuse="$INFO[Skin.String(ButtonFocusColor)]">dialogs/volume/classic/p17.png</texture>
						<visible>IntegerGreaterThan(player.volume,51)</visible>
					</control>
					
					<control type="image">
						<right>20</right>
						<top>-20</top>
						<width>200</width>
						<height>200</height>
						<texture colordiffuse="$INFO[Skin.String(ButtonFocusColor)]">dialogs/volume/classic/p18.png</texture>
						<visible>IntegerGreaterThan(player.volume,54)</visible>
					</control>
					
					<control type="image">
						<right>20</right>
						<top>-20</top>
						<width>200</width>
						<height>200</height>
						<texture colordiffuse="$INFO[Skin.String(ButtonFocusColor)]">dialogs/volume/classic/p19.png</texture>
						<visible>IntegerGreaterThan(player.volume,57)</visible>
					</control>
					
					<control type="image">
						<right>20</right>
						<top>-20</top>
						<width>200</width>
						<height>200</height>
						<texture colordiffuse="$INFO[Skin.String(ButtonFocusColor)]">dialogs/volume/classic/p20.png</texture>
						<visible>IntegerGreaterThan(player.volume,60)</visible>
					</control>
					
					<control type="image">
						<right>20</right>
						<top>-20</top>
						<width>200</width>
						<height>200</height>
						<texture colordiffuse="$INFO[Skin.String(ButtonFocusColor)]">dialogs/volume/classic/p21.png</texture>
						<visible>IntegerGreaterThan(player.volume,64)</visible>
					</control>
					
					<control type="image">
						<right>20</right>
						<top>-20</top>
						<width>200</width>
						<height>200</height>
						<texture colordiffuse="$INFO[Skin.String(ButtonFocusColor)]">dialogs/volume/classic/p22.png</texture>
						<visible>IntegerGreaterThan(player.volume,67)</visible>
					</control>
					
					<control type="image">
						<right>20</right>
						<top>-20</top>
						<width>200</width>
						<height>200</height>
						<texture colordiffuse="$INFO[Skin.String(ButtonFocusColor)]">dialogs/volume/classic/p23.png</texture>
						<visible>IntegerGreaterThan(player.volume,70)</visible>
					</control>
					
					<control type="image">
						<right>20</right>
						<top>-20</top>
						<width>200</width>
						<height>200</height>
						<texture colordiffuse="$INFO[Skin.String(ButtonFocusColor)]">dialogs/volume/classic/p24.png</texture>
						<visible>IntegerGreaterThan(player.volume,73)</visible>
					</control>
					
					<control type="image">
						<right>20</right>
						<top>-20</top>
						<width>200</width>
						<height>200</height>
						<texture colordiffuse="$INFO[Skin.String(ButtonFocusColor)]">dialogs/volume/classic/p25.png</texture>
						<visible>IntegerGreaterThan(player.volume,76)</visible>
					</control>
					
					<control type="image">
						<right>20</right>
						<top>-20</top>
						<width>200</width>
						<height>200</height>
						<texture colordiffuse="$INFO[Skin.String(ButtonFocusColor)]">dialogs/volume/classic/p26.png</texture>
						<visible>IntegerGreaterThan(player.volume,80)</visible>
					</control>
					
					<control type="image">
						<right>20</right>
						<top>-20</top>
						<width>200</width>
						<height>200</height>
						<texture colordiffuse="$INFO[Skin.String(ButtonFocusColor)]">dialogs/volume/classic/p27.png</texture>
						<visible>IntegerGreaterThan(player.volume,83)</visible>
					</control>
					
					<control type="image">
						<right>20</right>
						<top>-20</top>
						<width>200</width>
						<height>200</height>
						<texture colordiffuse="$INFO[Skin.String(ButtonFocusColor)]">dialogs/volume/classic/p28.png</texture>
						<visible>IntegerGreaterThan(player.volume,86)</visible>
					</control>
					
					<control type="image">
						<right>20</right>
						<top>-20</top>
						<width>200</width>
						<height>200</height>
						<texture colordiffuse="$INFO[Skin.String(ButtonFocusColor)]">dialogs/volume/classic/p29.png</texture>
						<visible>IntegerGreaterThan(player.volume,89)</visible>
					</control>
					
					<control type="image">
						<right>20</right>
						<top>-20</top>
						<width>200</width>
						<height>200</height>
						<texture colordiffuse="$INFO[Skin.String(ButtonFocusColor)]">dialogs/volume/classic/p30.png</texture>
						<visible>IntegerGreaterThan(player.volume,92)</visible>
					</control>
					
					<control type="image">
						<right>20</right>
						<top>-20</top>
						<width>200</width>
						<height>200</height>
						<texture colordiffuse="$INFO[Skin.String(ButtonFocusColor)]">dialogs/volume/classic/p31.png</texture>
						<visible>IntegerGreaterThan(player.volume,96)</visible>
					</control>
					
					<control type="image">
						<right>20</right>
						<top>-20</top>
						<width>200</width>
						<height>200</height>
						<texture colordiffuse="$INFO[Skin.String(ButtonFocusColor)]">dialogs/volume/classic/p32.png</texture>
						<visible>IntegerGreaterThan(player.volume,99)</visible>
					</control>
					
					<control type="label">
						<right>20</right>
						<top>120</top>
						<height>24</height>
						<width>200</width>
						<align>center</align>
						<font>Bold32</font>
						<label>$INFO[Control.GetLabel(1)]</label>
						<visible>!IntegerGreaterThan(player.volume,99)</visible>
						<textcolor>$INFO[Skin.String(OSDPrimaryTextColor)]</textcolor>
						<shadowcolor>$INFO[Skin.String(OSDPrimaryTextShadowColor)]</shadowcolor>
					</control>
					
					<control type="label">
						<right>20</right>
						<top>120</top>
						<width>200</width>
						<height>24</height>
						<align>center</align>
						<font>Bold32</font>
						<label>$INFO[Control.GetLabel(1)]</label>
						<visible>IntegerGreaterThan(player.volume,99)</visible>
						<textcolor>$INFO[Skin.String(OSDPrimaryTextColor)]</textcolor>
						<shadowcolor>$INFO[Skin.String(OSDPrimaryTextShadowColor)]</shadowcolor>
					</control>
			</control>
				
				
            <control type="progress" id="1">
                <info>Player.Volume</info>
                <animation effect="fade" end="0" condition="true">Conditional</animation>
            </control>
				
            </control>
        </control>
    </controls>
</window>
