<?xml version="1.0" encoding="utf-8"?>
<!--Titan-->
<window>
    <defaultcontrol>-</defaultcontrol>
    <!--Normal "1" over DialogVideoInfo.xml and selectdialog-->
    <controls>
        <!-- Default notification -->
        <control type="group">
     			<animation type="WindowOpen" reversible="false">
				<effect type="slide" start="0,-400" end="0,0" tween="cubic" easing="out" time="500" />
			</animation>
			<animation type="WindowClose" reversible="false">
				<effect type="slide" start="0,0" end="0,-400" tween="cubic" easing="out" time="500" />
			</animation>
			
            <visible>!Window.IsVisible(startup) + !Window.IsActive(extendedprogressdialog)</visible>
			
			<control type="image">
				<posx>0</posx>
				<posy>0</posy>
				<width>100%</width>
				<height>130</height>
				<texture border="5">diffuse/panel.png</texture>
				<colordiffuse>$INFO[Skin.String(GeneralPanelsColor)]</colordiffuse>
				<visible>!skin.hastheme(classic)</visible>
			</control>

            <control type="group">
				<posx>60</posx>
				<posy>20</posy>
                <control type="image" id="400">
                    <description>Icon</description>
                    <posx>0</posx>
                    <posy>10</posy>
                    <width>64</width>
                    <height>64</height>
                    <aspectratio>keep</aspectratio>
                    <texture>DefaultIconInfo.png</texture>
                </control>
                <control type="label" id="401">
                    <description>Line 1</description>
                    <posx>90</posx>
                    <posy>0</posy>
                    <width>1500</width>
                    <height>50</height>
                    <font>Bold38</font>
					<textcolor>$INFO[Skin.String(GeneralHighlightTextColor)]</textcolor>
                    <scroll>false</scroll>
                </control>
                <control type="label" id="402">
                    <description>Line 2</description>
                    <posx>90</posx>
                    <posy>40</posy>
                    <width>1500</width>
                    <height>50</height>
                    <font>Reg30</font>
                    <textcolor>$INFO[Skin.String(GeneralTextColor)]</textcolor>
					<shadowcolor>black</shadowcolor>
                    <scroll>false</scroll>
                </control>
            </control>
        </control>
		
	</controls>
</window>