<?xml version="1.0" encoding="utf-8"?>
<includes>

    <!-- SQUARE LAYOUT -->
    <include name="SquarePosterPanelLayout">
        <control type="image">
            <include>SquareThumbBG</include>
            <include condition="Skin.String(thumbsborder_unfocused, 0)">thumbborder_0</include>
            <include condition="Skin.String(thumbsborder_unfocused, 2)">thumbborder_2</include>
            <include condition="Skin.String(thumbsborder_unfocused, 4)">thumbborder_4</include>
            <include condition="Skin.String(thumbsborder_unfocused, 6)">thumbborder_6</include>
          </control>
          <control type="image">
            <include>SquareThumb</include>
            <visible>!SubString(ListItem.FileNameAndPath,pvr://) + ![!IsEmpty(ListItem.Thumb) + StringCompare(ListItem.Thumb,ListItem.Property(channellogo))]</visible>
          </control>
          <control type="image">
            <aspectratio scalediffuse="false" aligny="center">keep</aspectratio>
            <include>SquareThumb</include>
            <visible>SubString(ListItem.FileNameAndPath,pvr://) | [!IsEmpty(ListItem.Thumb) + StringCompare(ListItem.Thumb,ListItem.Property(channellogo))]</visible>
          </control>
          <control type="group">
			<!--Watched Overlay-->
			<right>8</right>
			<top>8</top>
			<include>WatchedIndicatorSmall</include>
			<animation type="Conditional" condition="skin.hastheme(classic)">
				<effect type="slide" end="3,-3" time="0"  />
			</animation>
		</control>
        <!--Label Overlay-->
        <include condition="!Window.IsActive(Home)">SquarePosterTagOverlay</include>
    </include>
    <include name="SquarePosterPanelLayoutFocus">
        <control type="image">
            <include>SquareThumbFO</include>
            <include condition="Skin.String(thumbsborder_focused, 2)">thumbborder_2</include>
            <include condition="Skin.String(thumbsborder_focused, 4)">thumbborder_4</include>
            <include condition="Skin.String(thumbsborder_focused, 6)">thumbborder_6</include>
          </control>
          <control type="image">
            <include>SquareThumb</include>
            <visible>!SubString(ListItem.FileNameAndPath,pvr://) + ![!IsEmpty(ListItem.Thumb) + StringCompare(ListItem.Thumb,ListItem.Property(channellogo))]</visible>
          </control>
          <control type="image">
            <aspectratio scalediffuse="false" aligny="center">keep</aspectratio>
            <include>SquareThumb</include>
            <visible>SubString(ListItem.FileNameAndPath,pvr://) | [!IsEmpty(ListItem.Thumb) + StringCompare(ListItem.Thumb,ListItem.Property(channellogo))]</visible>
          </control>
          <control type="group">
			<!--Watched Overlay-->
			<right>8</right>
			<top>8</top>
			<include>WatchedIndicatorSmall</include>
			<animation type="Conditional" condition="skin.hastheme(classic)">
				<effect type="slide" end="3,-3" time="0"  />
			</animation>
		</control>
        <!--Label Overlay-->
        <include condition="!Window.IsActive(Home)">SquarePosterTagOverlay</include>

    </include>
    
    <include name="SquareThumb">
        <bordersize>8</bordersize>
        <texture background="true" diffuse="diffuse/music_cover.png" fallback="DefaultMusicRecentlyPlayed.png" border="0">$VAR[SquarePosterThumb]</texture>
        <aspectratio scalediffuse="false" aligny="center">scale</aspectratio>
    </include>
    <include name="SquareThumbBG">
        <aspectratio aligny="top" scalediffuse="false">stretch</aspectratio>
        <texture>diffuse/music_cover.png</texture>
        <colordiffuse>$VAR[ViewDetailsPanelColor]</colordiffuse>
    </include>
    <include name="SquareThumbFO">
        <aspectratio aligny="top">stretch</aspectratio>
        <texture>diffuse/music_cover.png</texture>
        <colordiffuse>$VAR[ViewDetailsFocusColor]</colordiffuse>
    </include>
    
    <include name="SquarePosterTagOverlayVisibility">
        <visible>
            ![Control.IsVisible(509) + Skin.String(View509.Tags,disable)] + 
            ![Control.IsVisible(510) + Skin.String(View510.Tags,disable)] + 
            !StringCompare(ListItem.Label,..) + 
            !Window.IsActive(script-skin_helper_service-CustomSearch.xml) + 
            ![Skin.HasSetting(NoTitleOnHomeMenuTiles) + !IsEmpty(ListItem.Property(defaultID))] + 
            !StringCompare(ListItem.Property(disableLabel), disable)
        </visible>
        <visible>
            [Control.IsVisible(509) + Skin.String(View509.Tags,enable)] | 
            [Control.IsVisible(510) + Skin.String(View510.Tags,enable)] | 
            !IsEmpty(ListItem.Property(defaultID)) | 
            [Control.IsVisible(509) + !Skin.String(View509.Tags) + !SubString(ListItem.Thumb,icon.png)] | 
            [Control.IsVisible(510) + !Skin.String(View510.Tags) + !SubString(ListItem.Thumb,icon.png)] |
            Window.IsActive(settings)
        </visible>
	</include>
    <include name="SquarePosterTagOverlay">
        <control type="group">
            <include condition="!Window.IsActive(Home)">SquarePosterTagOverlayVisibility</include>
            <control type="image">
                <bottom>0</bottom>
                <height>74</height>
                <bordersize>8</bordersize>
                <texture>diffuse/poster_tag.png</texture>
                <colordiffuse>$INFO[Skin.String(TagOverlaysPanelColor)]</colordiffuse>
            </control>
            <control type="textbox">
                <left>15</left>
                <right>15</right>
                <bottom>10</bottom>
                <height>55</height>
                <include condition="Skin.HasSetting(ThumbsLabelAlignmentCenter)">aligncenter</include>
                <align>left</align>
                <aligny>center</aligny>
                <label>$VAR[ThumbListDetailsSquare]</label>
                <font>Reg18</font>
                <autoscroll>false</autoscroll>
                <textcolor>$INFO[Skin.String(TagOverlaysTextColor)]</textcolor>
                <visible>!StringCompare(System.CurrentControl,ListItem.Label)</visible>
            </control>
            <control type="textbox">
                <left>15</left>
                <right>15</right>
                <bottom>10</bottom>
                <height>55</height>
                <include condition="Skin.HasSetting(ThumbsLabelAlignmentCenter)">aligncenter</include>
                <align>left</align>
                <aligny>center</aligny>
                <label>$VAR[ThumbListDetailsSquare]</label>
                <font>Reg18</font>
                <autoscroll delay="2000" time="2000" repeat="500">true</autoscroll>
                <textcolor>$INFO[Skin.String(TagOverlaysTextColor)]</textcolor>
                <visible>StringCompare(System.CurrentControl,ListItem.Label)</visible>
            </control>
        </control>
     </include>
     
     <variable name="SquarePosterThumb">
		<value condition="[Container.Content(genres) | StringCompare(ListItem.DBTYPE,genre)] + SubString(ListItem.FolderPath,music)">$VAR[MusicGenreIconVarList]</value>
        <value condition="[Container.Content(genres) | StringCompare(ListItem.DBTYPE,genre)]">$VAR[MovieGenreIconVarList]</value>
		<value condition="!IsEmpty(ListItem.Thumb) + [Container.Content(episodes) | StringCompare(ListItem.DBTYPE,episode) | StringCompare(ListItem.Property(DBTYPE),episode)] + !Window.IsActive(DialogVideoInfo.xml)">$INFO[ListItem.Thumb]</value>
		<value condition="!IsEmpty(ListItem.Property(ArtistThumb))">$INFO[ListItem.Property(ArtistThumb)]</value>
		<value condition="!IsEmpty(ListItem.Thumb)">$INFO[ListItem.Thumb]</value>
        <value condition="!IsEmpty(ListItem.Art(fanart)) + [Container.Content(movies) | Container.Content(seasons) | Container.Content(tvshows)]">$INFO[ListItem.Art(fanart)]</value>
		<value condition="StringCompare(ListItem.Label,..)">dialogs/filebrowser/DefaultFolderBack.png</value>
		<value condition="StringCompare(ListItem.Label,$LOCALIZE[21452])">dialogs/filebrowser/DefaultAddSource.png</value>
		<value condition="!IsEmpty(ListItem.Icon)">$INFO[ListItem.Icon]</value>
        <value condition="Window.IsActive(Music) | Container.Content(albums) | Container.Content(songs)">dialogs/filebrowser/DefaultAudio.png</value>
		<value condition="!IsEmpty(ListItem.Property(FanArt))">$INFO[ListItem.Property(FanArt)]</value>
    </variable>

</includes>