<?xml version="1.0" encoding="UTF-8"?>
<window>
	<defaultcontrol always="true">4012</defaultcontrol>
	<zorder>1</zorder>
	<controls>
	<include>animation_fade_visible_hidden</include>
			
	<control type="group">
			<posx>0</posx>
			<posy>0</posy>
			<width>100%</width>
			<height>230</height>
		<control type="group">

			<control type="image"><!-- Dialog background -->
				<posx>0</posx>
				<posy>0</posy>
				<width>100%</width>
				<height>230</height>
				<texture border="5">diffuse/panel.png</texture>
				<colordiffuse>$INFO[Skin.String(GeneralPanelsColor)]</colordiffuse>
			</control>	
				<!-- -->
				<control type="image" id="4001"><!-- Poster -->
					<left>3</left>
					<top>3</top>
					<width>144</width>
					<height>216</height>
					<fadetime>350</fadetime>
					<aspectratio scalediffuse="false">scale</aspectratio>
				</control>
				<control type="label"><!-- Still Watching ? -->
					<top>7</top>
					<left>200</left>
					<width>65%</width>
					<height>27</height>
					<font>Bold26</font>
					<textcolor>FF00a2e0</textcolor>
					<shadowcolor>black</shadowcolor>
					<label>$ADDON[service.nextup.notification 30012]</label>
				</control>
				<control type="label"><!-- Time remaining -->
					<right>20</right>
					<top>7</top>
					<width>200</width>
					<height>27</height>
					<align>right</align>
					<font>Bold26</font>
					<textcolor>FF00a2e0</textcolor>
					<shadowcolor>black</shadowcolor>
					<label>$INFO[Player.TimeRemaining(ss),,sec(s)]</label>
				</control>
				<control type="label" id="4000"><!-- Title -->
					<left>200</left>
					<top>40</top>
					<width>65%</width>
					<height>27</height>
					<font>Bold30</font>
					<textcolor>$INFO[Skin.String(GeneralTextColor)]</textcolor>
					<shadowcolor>black</shadowcolor>
				</control>
				<control type="label" id="4004"><!-- Year -->
					<left>260</left>
					<top>167</top>
					<width>65%</width>
					<height>27</height>
					<font>font12</font>
					<textcolor>$INFO[Skin.String(GeneralTextColor)]</textcolor>
					<shadowcolor>black</shadowcolor>
				</control>
				<control type="textbox" id="4006"><!-- Plot -->
					<left>200</left>
					<top>73</top>
					<width>65%</width>
					<height>175</height>
					<font>font10</font>
					<align>justify</align>
				</control>
				<!-- buttons -->
				<control type="button" id="4012"><!-- Still Watching -->
					<left>200</left>
					<bottom>10</bottom>
					<width>330</width>
					<height>50</height>
					<align>center</align>
					<onright>4013</onright>
					<textoffsetx>10</textoffsetx>
					<font>font13</font>
					<label>$ADDON[service.nextup.notification 30010]</label>
				</control>
				<control type="button" id="4013"><!-- Cancel -->
					<left>540</left>
					<bottom>10</bottom>
					<width>300</width>
					<height>50</height>
					<align>center</align>
					<onleft>4012</onleft>
					<textoffsetx>10</textoffsetx>
					<font>font13</font>
					<label>222</label>
				</control>
			</control>
		</control>
	</controls>
</window>
