<?xml version="1.0" encoding="utf-8"?>
<!--Titan-->
<window>
    <defaultcontrol always="true">22</defaultcontrol>
    <allowoverlay>no</allowoverlay>
    <controls>
        <!--Dialog Overlay-->
		<include>DialogOverlayExtra</include>
        <!--Smart Playlist Editor-->
        <control type="group">
            <include>animation_window_open_close</include>
            <visible>!Window.IsVisible(virtualkeyboard) + !Window.IsVisible(smartplaylistrule) + !Window.IsVisible(selectdialog)</visible>

			<control type="image">
                <!--Panel-->
                <posx>445</posx>
                <posy>100</posy>
                <width>1030</width>
                <height>880</height>
                <texture border="15">diffuse/bgpanel.png</texture>
				
				<colordiffuse>$INFO[Skin.String(GeneralPanelsColor)]</colordiffuse>
            </control>
			<control type="image">
                <!--Panel-->
                 <posx>445</posx>
                <posy>100</posy>
                <width>1030</width>
                <height>880</height>
				<bordersize>10</bordersize>
                <texture border="15">diffuse/bgpanel.png</texture>
				
				<colordiffuse>$INFO[Skin.String(GeneralPanelsColor)]</colordiffuse>
            </control>
			
            <control type="label" id="2">
                <description>Heading</description>
                <posx>473</posx>
                <posy>120</posy>
                <width>974</width>
                <align>center</align>
                <label>$LOCALIZE[21432]</label>
                <include>DialogHeader</include>
            </control>
            <control type="group">
                <posx>479</posx>
                <posy>212</posy>
                <control type="image">
                    <posx>0</posx>
                    <posy>0</posy>
                    <width>962</width>
                    <height>61</height>
                    <texture border="5">dialogs/default/inner.png</texture>
                </control>
                <control type="button" id="22">
                    <description>Set Playlist type</description>
                    <posx>0</posx>
                    <posy>0</posy>
                    <width>962</width>
                    <label>$LOCALIZE[467]</label>
                    <include>DialogButton</include>
                    <align>left</align>
                    <textoffsetx>20</textoffsetx>
                    <spinposx>5</spinposx>
                    <onup>8000</onup>
                    <ondown>12</ondown>
                    <onleft>22</onleft>
                    <onright>22</onright>
                </control>
                <control type="group">
                    <posy>74</posy>
                    <control type="label">
                        <description>Name label</description>
                        <posx>0</posx>
                        <posy>0</posy>
                        <width>922</width>
                        <height>34</height>
                        <align>left</align>
                        <textoffsetx>20</textoffsetx>
                        <label>$LOCALIZE[21433]</label>
                        <include condition="!Skin.HasTheme(classic)">DialogLabel</include>
                        <include condition="Skin.HasTheme(classic)">DialogLabel</include>
                    </control>
                    <control type="image">
                        <posx>0</posx>
                        <posy>40</posy>
                        <width>962</width>
                        <height>61</height>
                        <texture border="5">dialogs/default/inner.png</texture>
                    </control>
                    <control type="button" id="12">
                        <description>Name Button</description>
                        <posx>0</posx>
                        <posy>40</posy>
                        <width>962</width>
                        <height>60</height>
                        <align>left</align>
                        <aligny>center</aligny>
                        <textoffsetx>20</textoffsetx>
                        <onup>22</onup>
                        <onleft>12</onleft>
                        <onright>12</onright>
                        <ondown>8001</ondown>
                        <include>DialogButton</include>
                        <animation effect="fade" start="100" end="50" time="0" condition="!Control.IsEnabled(12)" reversible="false">Conditional</animation>
                    </control>
                    <control type="image">
                        <posx>888</posx>
                        <posy>40</posy>
                        <width>74</width>
                        <height>60</height>
                        <texture>dialogs/mediasource/keyboard-nf.png</texture>
                        <colordiffuse>$INFO[Skin.String(GeneralTextColor)]</colordiffuse>
                        <visible>!Control.HasFocus(12)</visible>
                    </control>
                    <control type="image">
                        <posx>888</posx>
                        <posy>40</posy>
                        <width>74</width>
                        <height>60</height>
                        <texture>dialogs/mediasource/keyboard-nf.png</texture>
                        <colordiffuse>$INFO[Skin.String(ButtonFocusTextColor)]</colordiffuse>
                        <visible>Control.HasFocus(12)</visible>
                    </control>
                </control>
                <control type="group" id="8001">
                    <control type="label">
                        <description>Rules label</description>
                        <posx>0</posx>
                        <posy>190</posy>
                        <width>922</width>
                        <height>34</height>
                        <align>left</align>
                        <textoffsetx>20</textoffsetx>
                        <label>$LOCALIZE[21434]</label>
                        <include condition="!Skin.HasTheme(classic)">DialogLabel</include>
                        <include condition="Skin.HasTheme(classic)">DialogLabel</include>
                    </control>
                    <control type="image">
                        <posx>0</posx>
                        <posy>230</posy>
                        <width>691</width>
                        <height>181</height>
                        <texture border="5">dialogs/default/inner.png</texture>
                    </control>
                    <control type="list" id="10">
                        <posx>0</posx>
                        <posy>230</posy>
                        <width>690</width>
                        <height>180</height>
                        <onup>12</onup>
                        <onleft>8002</onleft>
                        <onright>60</onright>
                        <ondown>16</ondown>
                        <pagecontrol>60</pagecontrol>
                        <scrolltime>0</scrolltime>
                        <itemlayout height="60">
                            <control type="image">
                                <posx>0</posx>
                                <posy>1</posy>
                                <width>690</width>
                                <height>60</height>
                                <texture>dialogs/default/separator.png</texture>
                            </control>
                            <control type="label">
                                <posx>20</posx>
                                <width>596</width>
                                <height>60</height>
                                <info>ListItem.Label</info>
                                <include>DialogListNF</include>
                                <scroll>false</scroll>
                            </control>
                            <control type="image">
                                <posx>616</posx>
                                <width>74</width>
                                <height>60</height>
                                <texture>dialogs/mediasource/rules-nf.png</texture>
                                <colordiffuse>$INFO[Skin.String(GeneralTextColor)]</colordiffuse>
                            </control>
                        </itemlayout>
                        <focusedlayout height="60">
                            <control type="group">
                                <visible>!Control.HasFocus(10)</visible>
                                <control type="image">
                                    <posx>0</posx>
                                    <posy>1</posy>
                                    <width>690</width>
                                    <height>60</height>
                                    <texture>dialogs/default/separator.png</texture>
                                </control>
                                <control type="label">
                                    <posx>20</posx>
                                    <width>596</width>
                                    <height>60</height>
                                    <info>ListItem.Label</info>
                                    <include>DialogListNF</include>
                                    <scroll>false</scroll>
                                </control>
                                <control type="image">
                                    <posx>616</posx>
                                    <width>74</width>
                                    <height>60</height>
                                    <texture>dialogs/mediasource/rules-nf.png</texture>
                                    <colordiffuse>$INFO[Skin.String(GeneralTextColor)]</colordiffuse>
                                    <visible>!ListItem.IsSelected</visible>
                                </control>
                            </control>
                            <control type="group">
                                <visible>Control.HasFocus(10)</visible>
                                <control type="image">
                                    <width>690</width>
                                    <height>60</height>
                                    <texture border="5">diffuse/panel.png</texture><colordiffuse>$INFO[Skin.String(ButtonFocusColor)]</colordiffuse>
                                </control>
                                <control type="label">
                                    <posx>20</posx>
                                    <width>596</width>
                                    <height>60</height>
                                    <info>ListItem.Label</info>
                                    <include>DialogListFO</include>
                                    <scroll>false</scroll>
                                </control>
                                <control type="image">
                                    <posx>616</posx>
                                    <width>74</width>
                                    <height>60</height>
                                    <texture>dialogs/mediasource/rules-nf.png</texture>
                                    <colordiffuse>$INFO[Skin.String(ButtonFocusTextColor)]</colordiffuse>
                                    <visible>!ListItem.IsSelected</visible>
                                </control>
                            </control>
                            <control type="image">
                                <posx>623</posx>
								<posy>10</posy>
                                <width>40</width>
                                <height>40</height>
                                <texture>common/checkbox.png</texture>
								<colordiffuse>$INFO[Skin.String(GeneralTextColor)]</colordiffuse>
                                <visible>ListItem.IsSelected</visible>
                            </control>
                        </focusedlayout>
                    </control>
                    <control type="image" id="61">
                        <animation effect="fade" start="0" end="100" time="0">Visible</animation>
                        <animation effect="fade" start="100" end="0" time="0">Hidden</animation>
                        <visible>Control.HasFocus(60)</visible>
                    </control>
                    <control type="image" id="61">
                        <animation effect="fade" start="0" end="100" time="0">Visible</animation>
                        <animation effect="fade" start="100" end="0" time="0" delay="1000">Hidden</animation>
                        <visible>!Control.HasFocus(60) + [Container(10).Scrolling | Container(10).OnScrollNext | Container(10).OnScrollPrevious]</visible>
                    </control>
                    <control type="scrollbar" id="60">
                        <posx>1155</posx>
                        <posy>416</posy>
                        <height>174</height>
                        <onleft>10</onleft>
                        <onright>8002</onright>
                        <showonepage>false</showonepage>
                        <orientation>vertical</orientation>
                        <animation effect="fade" start="75" end="0" time="300" tween="sine" easing="inout" condition="!Control.IsVisible(61)">Conditional</animation>
                    </control>
                    <control type="group" id="8002">
                        <posx>704</posx>
                        <control type="image">
                            <posx>0</posx>
                            <posy>230</posy>
                            <width>258</width>
                            <height>181</height>
                            <texture border="5">dialogs/default/inner.png</texture>
                        </control>
                        <control type="radiobutton" id="13">
                            <description>Add Rule Button</description>
                            <posy>230</posy>
                            <label>$LOCALIZE[15019]</label>
                            <include>DialogButtonBrowseAdd</include>
                            <onup>12</onup>
                            <onleft>10</onleft>
                            <onright>10</onright>
                            <ondown>15</ondown>
                            <selected>Control.HasFocus(13)</selected>
                            <animation effect="fade" start="100" end="50" time="0" condition="!Control.IsEnabled(13)" reversible="false">Conditional</animation>
                        </control>
                        <control type="radiobutton" id="15">
                            <description>Edit Rule Button</description>
                            <posy>290</posy>
                            <label>$LOCALIZE[21435]</label>
                            <include>DialogButtonBrowseEdit</include>
                            <onup>13</onup>
                            <onleft>10</onleft>
                            <onright>10</onright>
                            <ondown>14</ondown>
                            <selected>Control.HasFocus(15)</selected>
                            <animation effect="fade" start="100" end="50" time="0" condition="!Control.IsEnabled(15)" reversible="false">Conditional</animation>
                        </control>
                        <control type="radiobutton" id="14">
                            <description>Remove Rule Button</description>
                            <posy>350</posy>
                            <label>$LOCALIZE[1210]</label>
                            <include>DialogButtonBrowseRemove</include>
                            <onup>15</onup>
                            <onleft>10</onleft>
                            <onright>10</onright>
                            <ondown>16</ondown>
                            <selected>Control.HasFocus(14)</selected>
                            <animation effect="fade" start="100" end="50" time="0" condition="!Control.IsEnabled(14)" reversible="false">Conditional</animation>
                        </control>
                                     </control>
                </control>
                <control type="group">
                    <posy>424</posy>
                    <control type="label">
                        <description>Name label</description>
                        <posx>0</posx>
                        <posy>0</posy>
                        <width>922</width>
                        <height>34</height>
                        <align>left</align>
                        <textoffsetx>20</textoffsetx>
                        <label>$LOCALIZE[41716]</label>
                        <textcolor>FF585858</textcolor>
                        <shadowcolor>20FFFFFF</shadowcolor>
                        <font>Light30</font>
                    </control>
                    <control type="image">
                        <posx>0</posx>
                        <posy>40</posy>
                        <width>962</width>
                        <height>121</height>
                        <texture border="5">dialogs/default/inner.png</texture>
                    </control>
                    <control type="image">
                        <posx>0</posx>
                        <posy>41</posy>
                        <width>962</width>
                        <height>60</height>
                        <texture border="5">dialogs/default/separator.png</texture>
                    </control>
                    <control type="button" id="16">
                        <posx>0</posx>
                        <posy>40</posy>
                        <width>962</width>
                        <label>$LOCALIZE[21424]</label>
                        <include>DialogButton</include>
                        <onup>8001</onup>
                        <ondown>17</ondown>
                        <onleft>16</onleft>
                        <onright>16</onright>
                        <include>DialogButton</include>
                        <animation effect="fade" start="100" end="50" time="0" condition="!Control.IsEnabled(16)" reversible="false">Conditional</animation>
                    </control>
                    <control type="button" id="17">
                        <posx>0</posx>
                        <posy>100</posy>
                        <width>962</width>
                        <label>$LOCALIZE[21427]</label>
                        <onup>16</onup>
                        <ondown>8003</ondown>
                        <onleft>17</onleft>
                        <onright>17</onright>
                        <include>DialogButton</include>
                        <animation effect="fade" start="100" end="50" time="0" condition="!Control.IsEnabled(17)" reversible="false">Conditional</animation>
                    </control>
                    <control type="group" id="8003">
                        <posy>174</posy>
                        <control type="image">
                            <posx>0</posx>
                            <posy>0</posy>
                            <width>690</width>
                            <height>61</height>
                            <texture border="5">dialogs/default/inner.png</texture>
                        </control>
                        <control type="button" id="18">
                            <posx>0</posx>
                            <posy>0</posy>
                            <width>690</width>
                            <label>$LOCALIZE[21429]</label>
                            <include>DialogButton</include>
                            <textoffsetx>20</textoffsetx>
                            <spinposx>5</spinposx>
                            <onup>17</onup>
                            <ondown>8000</ondown>
                            <onleft>19</onleft>
                            <onright>19</onright>
                            <animation effect="fade" start="100" end="50" time="0" condition="!Control.IsEnabled(18)" reversible="false">Conditional</animation>
                        </control>
                        <control type="image">
                            <posx>704</posx>
                            <posy>0</posy>
                            <width>258</width>
                            <height>61</height>
                            <texture border="5">dialogs/default/inner.png</texture>
                        </control>
                        <control type="button" id="19">
                            <posx>705</posx>
                            <posy>0</posy>
                            <width>258</width>
                            <height>60</height>
                            <include>DialogButton</include>
                            <onright>18</onright>
                            <onleft>18</onleft>
                            <onup>17</onup>
                            <ondown>8000</ondown>
                            <animation effect="fade" start="100" end="50" time="0" condition="!Control.IsEnabled(19)" reversible="false">Conditional</animation>
                        </control>
                    </control>
                </control>
            </control>
            <control type="group" id="8000">
                <posx>470</posx>
				<width>980</width>
                <posy>890</posy>
                <control type="button" id="20">
                    <description>OK</description>
                    <label>$LOCALIZE[12321]</label>
					<include>DialogButtonOther</include>
                    <onleft>21</onleft>
                    <onright>21</onright>
                    <onup>8003</onup>
                    <ondown>22</ondown>
                    <animation effect="fade" start="100" end="75" time="0" condition="!Control.IsEnabled(20)">Conditional</animation>
                </control>
                <control type="button" id="21">
                    <right>0</right>
                    <description>Cancel</description>
                    <label>$LOCALIZE[222]</label>
                    <include>DialogButtonOther</include>
                    <onleft>20</onleft>
                    <onright>20</onright>
                    <onup>8003</onup>
                    <ondown>22</ondown>
                    <animation effect="fade" start="100" end="75" time="0" condition="!Control.IsEnabled(21)">Conditional</animation>
                </control>
            </control>
        </control>
    </controls>
</window>