<favourites> 
	<favourite name="[COLOR red]-- Cerebro TV Premium Sports Channels --[/COLOR]" thumb="special://home/addons/23.png">NOTHING</favourite>
    <favourite name="CerebroTV Menu Updater" thumb="special://home/addons/script.program.menurefresh\icon.png">RunAddon(script.program.menurefresh)</favourite>
    <favourite name="Sports IPTV (UK/USA/WORLD)">ActivateWindow(10025,&quot;plugin://plugin.video.tvone1111/list_channels/1&quot;,return)</favourite>
	<favourite name="Sports IPTV (UK/USA/WORLD) Option 2" thumb="http://swiftstreamz.com/SwiftLive/images/thumbs/49259_SPORTS.jpg|User-Agent=Dalvik%2F2.1.0%20%28Linux%3B%20U%3B%20Android%205.1.1%3B%20AFTS%20Build%2FLVY48F%29">ActivateWindow(10025,&quot;plugin://plugin.video.tvone11/list_channels/36&quot;,return)</favourite>
	<favourite name="BEIN HD SPORTS">ActivateWindow(10025,&quot;plugin://plugin.video.tvone111/list_channels/51&quot;,return)</favourite>
</favourites> 