<favourites> 
	<favourite name="[COLOR red]-- Cerebro TV PPV --------[/COLOR]" thumb="special://home/addons/23.png">NOTHING</favourite>
    <favourite name="CerebroTV Menu Updater" thumb="special://home/addons/script.program.menurefresh\icon.png">RunAddon(script.program.menurefresh)</favourite>
    <favourite name="[COLOR ghostwhite]PPV Replays[/COLOR]" thumb="http://mtvb.co.uk/icon.png">ActivateWindow(10025,&quot;plugin://plugin.video.kratosfucksducky/?action=directory&amp;content=addons&amp;url=https%3a%2f%2fraw.githubusercontent.com%2fbiglad%2fCerebroTVRepo%2fmaster%2fconfigs%2freplays.xml&quot;,return)</favourite>
    <favourite name="[COLOR aqua]Pay Per View Events Link 1[/COLOR]" thumb="special://home/addons/23.png">ActivateWindow(10025,&quot;plugin://plugin.video.nemesis/?description&amp;fanart=C%3a%5cUsers%5cbigla%5cAppData%5cRoaming%5cKodi%5caddons%5cplugin.video.nemesis%5cfanart.jpg&amp;iconimage=C%3a%5cUsers%5cbigla%5cAppData%5cRoaming%5cKodi%5caddons%5cplugin.video.nemesis%5cicon.png&amp;mode=17&amp;name=%5bCOLOR%20aqua%5dBoxing%5b%2fCOLOR%5d&amp;url=Boxing&quot;,return)</favourite>
    <favourite name="[COLOR aqua]Pay Per View Events Link 2[/COLOR]" thumb="special://home/addons/23.png">ActivateWindow(10025,&quot;plugin://plugin.video.bob.unleashed/?description=No%20information%20available&amp;fanart=http%3a%2f%2fwww.hdwallpapers.in%2fwalls%2fmuhammad_ali_boxer-HD.jpg&amp;iconimage=http%3a%2f%2fnorestrictions.club%2fnorestrictions.club%2freloaded%2ficons%2fMain%2fMain-Shepo.png&amp;mode=get_list&amp;name=Boxing&amp;url=http%3a%2f%2fwww.norestrictions.club%2fshepo%2fevents.xml&quot;,return)</favourite>
    <favourite name="[COLOR aqua]Pay Per View Events Link 3[/COLOR]" thumb="special://home/addons/23.png">ActivateWindow(10025,&quot;plugin://plugin.video.ProjectCypher/?action=directory&amp;content=addons&amp;url=http%3a%2f%2fcypher-media.com%2fcypher%2fcypherFppv.xml&quot;,return)</favourite>
    <favourite name="[COLOR aqua]PPV Events[/COLOR]" thumb="special://home/addons/23.png">ActivateWindow(10025,&quot;plugin://plugin.video.SchemeStreams/?fanart=http%3a%2f%2fsocialunderground.com%2fwp-content%2fuploads%2f2015%2f10%2ffeature_bkbboxing.jpg&amp;mode=1&amp;name=%5bCOLOR%20limegreen%5dPPV%20Events%20%26%20Requests%20Area%5b%2fCOLOR%5d&amp;url=http%3a%2f%2fbit.ly%2f2w1qyt4&quot;,return)</favourite>
    
    <favourite name="[COLOR red]-- Links For 3pm Kick Offs and PPV --[/COLOR]" thumb="special://home/addons/23.png">NOTHING</favourite>
    <favourite name="[COLOR aqua]Todays Football[/COLOR]" thumb="http://norestrictions.club/norestrictions.club/sports/icons/footie.png">ActivateWindow(10025,&quot;plugin://plugin.video.bob.unleashed/?description=No%20information%20available&amp;fanart=http%3a%2f%2fwww.ardabil-football.ir%2fthumbs%2f3A264E83-BA9C-4E9A-86E8-10973DCAF531.jpg&amp;iconimage=http%3a%2f%2fnorestrictions.club%2fnorestrictions.club%2fsports%2ficons%2ffootie.png&amp;mode=get_list&amp;name=%5bCOLOR%20orange%5dThunder%27s%20Football%5b%2fCOLOR%5d&amp;url=http%3a%2f%2fwww.norestrictions.club%2fthunder%2fbobnewxmldone%2flive.xml&quot;,return)</favourite>
    <favourite name="[B][COLOR white]CerebroTV Sky Sports Prem[/COLOR][/B]" thumb="special://home/addons/script.mtvbspprem\icon.png">RunAddon(script.mtvbspprem)</favourite>
    <favourite name="[B][COLOR white]CerebroTV Sky Sports Football[/COLOR][/B]" thumb="special://home/addons/script.mtvbspfootball\icon.png">RunAddon(script.mtvbspfootball)</favourite>
    <favourite name="MamaHD" thumb="special://home/addons/plugin.video.sportie\icon.png">ActivateWindow(10025,&quot;plugin://plugin.video.sportie/?fanart=C%3a%5cUsers%5cbigla%5cAppData%5cRoaming%5cKodi%5caddons%5cplugin.video.sportie%5cfanart.jpg&amp;iconimage=C%3a%5cUsers%5cbigla%5cAppData%5cRoaming%5cKodi%5caddons%5cplugin.video.sportie%5cicon.png&amp;mode=310&amp;name=MamaHD&amp;url=yes&quot;,return)</favourite>
    <favourite name="Bigsports" thumb="special://home/addons/plugin.video.sportie\icon.png">ActivateWindow(10025,&quot;plugin://plugin.video.sportie/?fanart=C%3a%5cUsers%5cbigla%5cAppData%5cRoaming%5cKodi%5caddons%5cplugin.video.sportie%5cfanart.jpg&amp;iconimage=C%3a%5cUsers%5cbigla%5cAppData%5cRoaming%5cKodi%5caddons%5cplugin.video.sportie%5cicon.png&amp;mode=301&amp;name=Bigsports&amp;url=display&quot;,return)</favourite>
    <favourite name="Cricbox" thumb="special://home/addons/plugin.video.sportie\icon.png">ActivateWindow(10025,&quot;plugin://plugin.video.sportie/?fanart=C%3a%5cUsers%5cbigla%5cAppData%5cRoaming%5cKodi%5caddons%5cplugin.video.sportie%5cfanart.jpg&amp;iconimage=C%3a%5cUsers%5cbigla%5cAppData%5cRoaming%5cKodi%5caddons%5cplugin.video.sportie%5cicon.png&amp;mode=302&amp;name=Cricbox&amp;url=display&quot;,return)</favourite>
    <favourite name="Live Event Stream 1" thumb="special://home/addons/23.png">PlayMedia(&quot;plugin://plugin.video.livehub2/?url=http%3A%2F%2F95.154.237.88%3A8080%2FMatH33Raaa%2Fsiyyekksp2%2Findex.m3u8%7CUser-Agent%3DAppleCoreMedia%2F1.0.0.13A452+%28iPhone%3B+U%3B+CPU+OS+9_0_2+like+Mac+OS+X%3B+en_gb%29&amp;mode=9999&amp;name=Link+1&amp;iconimage=http%253A%252F%252Fsmarterlogix.com%252FiosSecureApps%252FPakIndiaTVHD%252FV1-2%252FImages%252Findvsnz.jpg&amp;description=&quot;)</favourite>
    <favourite name="Live Event Stream 2" thumb="special://home/addons/23.png">PlayMedia(&quot;plugin://plugin.video.livehub2/?url=http%3A%2F%2F95.154.237.88%3A8080%2FMatH33RaaabB3eETtiyiy-1%2FStrm%2Findex.m3u8%7CUser-Agent%3DAppleCoreMedia%2F1.0.0.13A452+%28iPhone%3B+U%3B+CPU+OS+9_0_2+like+Mac+OS+X%3B+en_gb%29&amp;mode=9999&amp;name=Link+1&amp;iconimage=http%253A%252F%252Fsmarterlogix.com%252FiosSecureApps%252FPakIndiaTVHD%252FV1-2%252FImages%252Fpremier_league.png&amp;description=&quot;)</favourite>
    <favourite name="Live Event Stream 3" thumb="special://home/addons/23.png">PlayMedia(&quot;plugin://plugin.video.livehub2/?url=http%3A%2F%2F95.154.237.88%3A8080%2FMatH33RaaabB3eETtiyiy-1%2FStrm%2Findex.m3u8%7CUser-Agent%3DAppleCoreMedia%2F1.0.0.13A452+%28iPhone%3B+U%3B+CPU+OS+9_0_2+like+Mac+OS+X%3B+en_gb%29&amp;mode=9999&amp;name=Link+1&amp;iconimage=http%253A%252F%252Fsmarterlogix.com%252FiosSecureApps%252FPakIndiaTVHD%252FV1-2%252FImages%252Fnational_league_football.jpg&amp;description=&quot;)</favourite>
    <favourite name="Live Event Stream 4" thumb="special://home/addons/23.png">PlayMedia(&quot;plugin://plugin.video.livehub2/?url=http%3A%2F%2F95.154.237.88%3A8080%2FMatH33RaaaT3Ein-sp-2%2FStrm%2Findex.m3u8%7CUser-Agent%3DAppleCoreMedia%2F1.0.0.13A452+%28iPhone%3B+U%3B+CPU+OS+9_0_2+like+Mac+OS+X%3B+en_gb%29&amp;mode=9999&amp;name=Link+1&amp;iconimage=http%253A%252F%252Fsmarterlogix.com%252FiosSecureApps%252FPakIndiaTVHD%252FV1-2%252FImages%252Finternational_champ_cup.jpg&amp;description=&quot;)</favourite>
    <favourite name="Live Event Stream 5" thumb="special://home/addons/23.png">PlayMedia(&quot;plugin://plugin.video.livehub2/?url=http%3A%2F%2F95.154.237.88%3A8080%2FMatH33Raaa%2Fwyellow%2Findex.m3u8%7CUser-Agent%3DAppleCoreMedia%2F1.0.0.13A452+%28iPhone%3B+U%3B+CPU+OS+9_0_2+like+Mac+OS+X%3B+en_gb%29&amp;mode=9999&amp;name=Link+1&amp;iconimage=http%253A%252F%252Fsmarterlogix.com%252FiosSecureApps%252FPakIndiaTVHD%252FV1-2%252FImages%252Fzimvswi.jpg&amp;description=&quot;)</favourite>
    <favourite name="Live Event Stream 6" thumb="special://home/addons/23.png">PlayMedia(&quot;plugin://plugin.video.livehub2/?url=http%3A%2F%2F95.154.237.88%3A8080%2FMatH33Raaa%2Ftennnsprt%2Findex.m3u8%7CUser-Agent%3DAppleCoreMedia%2F1.0.0.13A452+%28iPhone%3B+U%3B+CPU+OS+9_0_2+like+Mac+OS+X%3B+en_gb%29&amp;mode=9999&amp;name=Link+1&amp;iconimage=http%253A%252F%252Fsmarterlogix.com%252FiosSecureApps%252FPakIndiaTVHD%252FV1-2%252FImages%252Fpakvssri.jpg&amp;description=&quot;)</favourite>
    <favourite name="Live Event Stream 7" thumb="special://home/addons/23.png">PlayMedia(&quot;plugin://plugin.video.livehub2/?url=http%3A%2F%2F95.154.237.88%3A8080%2FMatH33RaaasDhoonY6%2FStrm%2Findex.m3u8%7CUser-Agent%3DAppleCoreMedia%2F1.0.0.13A452+%28iPhone%3B+U%3B+CPU+OS+9_0_2+like+Mac+OS+X%3B+en_gb%29&amp;mode=9999&amp;name=Link+1&amp;iconimage=http%253A%252F%252Fsmarterlogix.com%252FiosSecureApps%252FPakIndiaTVHD%252FV1-2%252FImages%252Fbangvssa.jpg&amp;description=&quot;)</favourite>
    <favourite name="Live Event Stream 8" thumb="special://home/addons/23.png">PlayMedia(&quot;plugin://plugin.video.livehub2/?url=http%3A%2F%2F95.154.237.88%3A8080%2FMatH33Raaa%2Fseater1%2Findex.m3u8%7CUser-Agent%3DAppleCoreMedia%2F1.0.0.13A452+%28iPhone%3B+U%3B+CPU+OS+9_0_2+like+Mac+OS+X%3B+en_gb%29&amp;mode=9999&amp;name=Link+1&amp;iconimage=http%253A%252F%252Fsmarterlogix.com%252FiosSecureApps%252FPakIndiaTVHD%252FV1-2%252FImages%252Fpro_kabaddi.jpg&amp;description=&quot;)</favourite>
    <favourite name="Live Event Stream 9" thumb="special://home/addons/23.png">PlayMedia(&quot;plugin://plugin.video.livehub2/?url=http%3A%2F%2F95.154.237.88%3A8080%2FMatH33Raaa%2Fseater2%2Findex.m3u8%7CUser-Agent%3DAppleCoreMedia%2F1.0.0.13A452+%28iPhone%3B+U%3B+CPU+OS+9_0_2+like+Mac+OS+X%3B+en_gb%29&amp;mode=9999&amp;name=Link+2&amp;iconimage=http%253A%252F%252Fsmarterlogix.com%252FiosSecureApps%252FPakIndiaTVHD%252FV1-2%252FImages%252Fpro_kabaddi.jpg&amp;description=&quot;)</favourite>
    <favourite name="Live Event Stream 10" thumb="special://home/addons/23.png">PlayMedia(&quot;plugin://plugin.video.livehub2/?url=http%3A%2F%2F95.154.237.88%3A8080%2FMatH33RaaaT3Ein-sp-1%2FStrm%2Findex.m3u8%7CUser-Agent%3DAppleCoreMedia%2F1.0.0.13A452+%28iPhone%3B+U%3B+CPU+OS+9_0_2+like+Mac+OS+X%3B+en_gb%29&amp;mode=9999&amp;name=Link+2&amp;iconimage=http%253A%252F%252Fsmarterlogix.com%252FiosSecureApps%252FPakIndiaTVHD%252FV1-2%252FImages%252Finternational_champ_cup.jpg&amp;description=&quot;)</favourite>
    <favourite name="Live Event Stream 11" thumb="special://home/addons/23.png">PlayMedia(&quot;plugin://plugin.video.livehub2/?url=http%3A%2F%2F95.154.237.88%3A8080%2FMatH33Raaa%2Fwyellow%2Findex.m3u8%7CUser-Agent%3DAppleCoreMedia%2F1.0.0.13A452+%28iPhone%3B+U%3B+CPU+OS+9_0_2+like+Mac+OS+X%3B+en_gb%29&amp;mode=9999&amp;name=Link+2&amp;iconimage=http%253A%252F%252Fsmarterlogix.com%252FiosSecureApps%252FPakIndiaTVHD%252FV1-2%252FImages%252Findvsnz.jpg&amp;description=&quot;)</favourite>
    <favourite name="Live Event Stream 12" thumb="special://home/addons/23.png">PlayMedia(&quot;plugin://plugin.video.livehub2/?url=http%3A%2F%2F95.154.237.88%3A8080%2FMatH33RaaasDhoonY6%2FStrm%2Findex.m3u8%7CUser-Agent%3DAppleCoreMedia%2F1.0.0.13A452+%28iPhone%3B+U%3B+CPU+OS+9_0_2+like+Mac+OS+X%3B+en_gb%29&amp;mode=9999&amp;name=Link+2&amp;iconimage=http%253A%252F%252Fsmarterlogix.com%252FiosSecureApps%252FPakIndiaTVHD%252FV1-2%252FImages%252Fzimvswi.jpg&amp;description=&quot;)</favourite>
    <favourite name="Live Event Stream 13" thumb="special://home/addons/23.png">PlayMedia(&quot;plugin://plugin.video.livehub2/?url=http%3A%2F%2F95.154.237.88%3A8080%2FMatH33Raaa%2FpeetyVsp%2Findex.m3u8%7CUser-Agent%3DAppleCoreMedia%2F1.0.0.13A452+%28iPhone%3B+U%3B+CPU+OS+9_0_2+like+Mac+OS+X%3B+en_gb%29&amp;mode=9999&amp;name=Link+2&amp;iconimage=http%253A%252F%252Fsmarterlogix.com%252FiosSecureApps%252FPakIndiaTVHD%252FV1-2%252FImages%252Fpakvssri.jpg&amp;description=&quot;)</favourite>
    <favourite name="Live Event Stream 14" thumb="special://home/addons/23.png">PlayMedia(&quot;plugin://plugin.video.livehub2/?url=http%3A%2F%2F95.154.237.88%3A8080%2FMatH33Raaa%2Fwyellow%2Findex.m3u8%7CUser-Agent%3DAppleCoreMedia%2F1.0.0.13A452+%28iPhone%3B+U%3B+CPU+OS+9_0_2+like+Mac+OS+X%3B+en_gb%29&amp;mode=9999&amp;name=Link+2&amp;iconimage=http%253A%252F%252Fsmarterlogix.com%252FiosSecureApps%252FPakIndiaTVHD%252FV1-2%252FImages%252Fbangvssa.jpg&amp;description=&quot;)</favourite>
    <favourite name="Live Event Stream 15" thumb="special://home/addons/23.png">PlayMedia(&quot;plugin://plugin.video.livehub2/?url=http%3A%2F%2F95.154.237.88%3A8080%2FMatH33Raaa%2Fseater1%2Findex.m3u8%7CUser-Agent%3DAppleCoreMedia%2F1.0.0.13A452+%28iPhone%3B+U%3B+CPU+OS+9_0_2+like+Mac+OS+X%3B+en_gb%29&amp;mode=9999&amp;name=Link+3&amp;iconimage=http%253A%252F%252Fsmarterlogix.com%252FiosSecureApps%252FPakIndiaTVHD%252FV1-2%252FImages%252Findvsnz.jpg&amp;description=&quot;)</favourite>
    <favourite name="Live Event Stream 16" thumb="special://home/addons/23.png">PlayMedia(&quot;plugin://plugin.video.livehub2/?url=http%3A%2F%2F95.154.237.88%3A8080%2FMatH33Raaa%2FpeetyVsp2%2Findex.m3u8%7CUser-Agent%3DAppleCoreMedia%2F1.0.0.13A452+%28iPhone%3B+U%3B+CPU+OS+9_0_2+like+Mac+OS+X%3B+en_gb%29&amp;mode=9999&amp;name=Link+3&amp;iconimage=http%253A%252F%252Fsmarterlogix.com%252FiosSecureApps%252FPakIndiaTVHD%252FV1-2%252FImages%252Fpakvssri.jpg&amp;description=&quot;)</favourite>
    <favourite name="Live Event Stream 17" thumb="special://home/addons/23.png">PlayMedia(&quot;plugin://plugin.video.livehub2/?url=http%3A%2F%2F95.154.237.88%3A8080%2FMatH33Raaa%2Fsiyyekksp2%2Findex.m3u8%7CUser-Agent%3DAppleCoreMedia%2F1.0.0.13A452+%28iPhone%3B+U%3B+CPU+OS+9_0_2+like+Mac+OS+X%3B+en_gb%29&amp;mode=9999&amp;name=Link+3&amp;iconimage=http%253A%252F%252Fsmarterlogix.com%252FiosSecureApps%252FPakIndiaTVHD%252FV1-2%252FImages%252Fbangvssa.jpg&amp;description=&quot;)</favourite>
    <favourite name="Live Event Stream 18" thumb="special://home/addons/23.png">PlayMedia(&quot;plugin://plugin.video.livehub2/?url=http%3A%2F%2F95.154.237.88%3A8080%2FMatH33Raaa%2FsDhoonYesppn%2Findex.m3u8%7CUser-Agent%3DAppleCoreMedia%2F1.0.0.13A452+%28iPhone%3B+U%3B+CPU+OS+9_0_2+like+Mac+OS+X%3B+en_gb%29&amp;mode=9999&amp;name=Link+3&amp;iconimage=http%253A%252F%252Fsmarterlogix.com%252FiosSecureApps%252FPakIndiaTVHD%252FV1-2%252FImages%252Finternational_champ_cup.jpg&amp;description=&quot;)</favourite>
    <favourite name="Live Event Stream 19" thumb="special://home/addons/23.png">PlayMedia(&quot;plugin://plugin.video.livehub2/?url=http%3A%2F%2F95.154.237.88%3A8080%2FMatH33RaaasDhoonY6%2FStrm%2Findex.m3u8%7CUser-Agent%3DAppleCoreMedia%2F1.0.0.13A452+%28iPhone%3B+U%3B+CPU+OS+9_0_2+like+Mac+OS+X%3B+en_gb%29&amp;mode=9999&amp;name=Link+4&amp;iconimage=http%253A%252F%252Fsmarterlogix.com%252FiosSecureApps%252FPakIndiaTVHD%252FV1-2%252FImages%252Fpakvssri.jpg&amp;description=&quot;)</favourite>
    <favourite name="Live Event Stream 20" thumb="special://home/addons/23.png">PlayMedia(&quot;plugin://plugin.video.livehub2/?url=http%3A%2F%2F95.154.237.88%3A8080%2FMatH33Raaa%2Fseater3%2Findex.m3u8%7CUser-Agent%3DAppleCoreMedia%2F1.0.0.13A452+%28iPhone%3B+U%3B+CPU+OS+9_0_2+like+Mac+OS+X%3B+en_gb%29&amp;mode=9999&amp;name=Link+4&amp;iconimage=http%253A%252F%252Fsmarterlogix.com%252FiosSecureApps%252FPakIndiaTVHD%252FV1-2%252FImages%252Findvsnz.jpg&amp;description=&quot;)</favourite>
    <favourite name="Live Event Stream 21" thumb="special://home/addons/23.png">PlayMedia(&quot;plugin://plugin.video.livehub2/?url=http%3A%2F%2F95.154.237.88%3A8080%2FMatH33Raaa%2Fsiyyekksp-meix%2Findex.m3u8%7CUser-Agent%3DAppleCoreMedia%2F1.0.0.13A452+%28iPhone%3B+U%3B+CPU+OS+9_0_2+like+Mac+OS+X%3B+en_gb%29&amp;mode=9999&amp;name=Link+4&amp;iconimage=http%253A%252F%252Fsmarterlogix.com%252FiosSecureApps%252FPakIndiaTVHD%252FV1-2%252FImages%252Fbangvssa.jpg&amp;description=&quot;)</favourite>
    <favourite name="Live Event Stream 22" thumb="special://home/addons/23.png">PlayMedia(&quot;plugin://plugin.video.livehub2/?url=http%3A%2F%2F95.154.237.88%3A8080%2FMatH33Raaa%2Fwyellow%2Findex.m3u8%7CUser-Agent%3DAppleCoreMedia%2F1.0.0.13A452+%28iPhone%3B+U%3B+CPU+OS+9_0_2+like+Mac+OS+X%3B+en_gb%29&amp;mode=9999&amp;name=Link+5&amp;iconimage=http%253A%252F%252Fsmarterlogix.com%252FiosSecureApps%252FPakIndiaTVHD%252FV1-2%252FImages%252Fpakvssri.jpg&amp;description=&quot;)</favourite>
    <favourite name="[COLOR aqua]Live Events[/COLOR]  (Some PPV & Football in here)" thumb="special://home/addons/23.png">ActivateWindow(10025,&quot;plugin://plugin.video.falconproject/?action=directory&amp;content=0&amp;url=http%3a%2f%2fajbuilds.uk%2ffalcon_project%2fevents.xml&quot;,return)</favourite>
    <favourite name="Star Sports 1" thumb="special://home/addons/23.png">PlayMedia(&quot;plugin://plugin.video.livehub2/?url=http%3A%2F%2F95.154.237.88%3A8080%2FMatH33Raaa%2Fseater1%2Findex.m3u8%7CUser-Agent%3DAppleCoreMedia%2F1.0.0.13A452+%28iPhone%3B+U%3B+CPU+OS+9_0_2+like+Mac+OS+X%3B+en_gb%29&amp;mode=9999&amp;name=Star+Sports+1&amp;iconimage=http%253A%252F%252Fsmarterlogix.com%252FiosSecureApps%252FPakIndiaTVHD%252FV1-2%252FImages%252Fstar_sports.jpg&amp;description=&quot;)</favourite>
    <favourite name="Star Sports 2" thumb="special://home/addons/23.png">PlayMedia(&quot;plugin://plugin.video.livehub2/?url=http%3A%2F%2F95.154.237.88%3A8080%2FMatH33Raaa%2Fseater2%2Findex.m3u8%7CUser-Agent%3DAppleCoreMedia%2F1.0.0.13A452+%28iPhone%3B+U%3B+CPU+OS+9_0_2+like+Mac+OS+X%3B+en_gb%29&amp;mode=9999&amp;name=Star+Sports+2&amp;iconimage=http%253A%252F%252Fsmarterlogix.com%252FiosSecureApps%252FPakIndiaTVHD%252FV1-2%252FImages%252Fstar_sports.jpg&amp;description=&quot;)</favourite>
    <favourite name="Star Sports 3" thumb="special://home/addons/23.png">PlayMedia(&quot;plugin://plugin.video.livehub2/?url=http%3A%2F%2F95.154.237.88%3A8080%2FMatH33Raaa%2Fseater3%2Findex.m3u8%7CUser-Agent%3DAppleCoreMedia%2F1.0.0.13A452+%28iPhone%3B+U%3B+CPU+OS+9_0_2+like+Mac+OS+X%3B+en_gb%29&amp;mode=9999&amp;name=Star+Sports+3&amp;iconimage=http%253A%252F%252Fsmarterlogix.com%252FiosSecureApps%252FPakIndiaTVHD%252FV1-2%252FImages%252Fstar_sports.jpg&amp;description=&quot;)</favourite>
    <favourite name="Star Sports 4" thumb="special://home/addons/23.png">PlayMedia(&quot;plugin://plugin.video.livehub2/?url=http%3A%2F%2F95.154.237.88%3A8080%2FMatH33Raaa%2Fseater4%2Findex.m3u8%7CUser-Agent%3DAppleCoreMedia%2F1.0.0.13A452+%28iPhone%3B+U%3B+CPU+OS+9_0_2+like+Mac+OS+X%3B+en_gb%29&amp;mode=9999&amp;name=Star+Sports+4&amp;iconimage=http%253A%252F%252Fsmarterlogix.com%252FiosSecureApps%252FPakIndiaTVHD%252FV1-2%252FImages%252Fstar_sports.jpg&amp;description=&quot;)</favourite>
    <favourite name="Star Sports 1 Link 2" thumb="special://home/addons/23.png">PlayMedia(&quot;plugin://plugin.video.livehub2/?url=http%3A%2F%2F95.154.237.88%3A8080%2FMatH33Raaa%2Fseater1%2Findex.m3u8%7CUser-Agent%3DAppleCoreMedia%2F1.0.0.13A452+%28iPhone%3B+U%3B+CPU+OS+9_0_2+like+Mac+OS+X%3B+en_gb%29&amp;mode=9999&amp;name=St+Sp+1&amp;iconimage=http%253A%252F%252Fsmarterlogix.com%252FiosSecureApps%252FPakIndiaTVHD%252FV1-2%252FImages%252Fcricket.jpg&amp;description=&quot;)</favourite>
    <favourite name="Star Sports 2 Link 2" thumb="special://home/addons/23.png">PlayMedia(&quot;plugin://plugin.video.livehub2/?url=http%3A%2F%2F95.154.237.88%3A8080%2FMatH33Raaa%2Fseater2%2Findex.m3u8%7CUser-Agent%3DAppleCoreMedia%2F1.0.0.13A452+%28iPhone%3B+U%3B+CPU+OS+9_0_2+like+Mac+OS+X%3B+en_gb%29&amp;mode=9999&amp;name=St+Sp+2&amp;iconimage=http%253A%252F%252Fsmarterlogix.com%252FiosSecureApps%252FPakIndiaTVHD%252FV1-2%252FImages%252Fcricket.jpg&amp;description=&quot;)</favourite>
    <favourite name="Star Sports 3 Link 2" thumb="special://home/addons/23.png">PlayMedia(&quot;plugin://plugin.video.livehub2/?url=http%3A%2F%2F95.154.237.88%3A8080%2FMatH33Raaa%2Fseater3%2Findex.m3u8%7CUser-Agent%3DAppleCoreMedia%2F1.0.0.13A452+%28iPhone%3B+U%3B+CPU+OS+9_0_2+like+Mac+OS+X%3B+en_gb%29&amp;mode=9999&amp;name=St+Sp+3&amp;iconimage=http%253A%252F%252Fsmarterlogix.com%252FiosSecureApps%252FPakIndiaTVHD%252FV1-2%252FImages%252Fcricket.jpg&amp;description=&quot;)</favourite>
    <favourite name="Star Sports 4 HD" thumb="special://home/addons/23.png">PlayMedia(&quot;plugin://plugin.video.livehub2/?url=http%3A%2F%2F95.154.237.88%3A8080%2FMatH33Raaa%2Fseater4%2Findex.m3u8%7CUser-Agent%3DAppleCoreMedia%2F1.0.0.13A452+%28iPhone%3B+U%3B+CPU+OS+9_0_2+like+Mac+OS+X%3B+en_gb%29&amp;mode=9999&amp;name=St+Sp4+HD&amp;iconimage=http%253A%252F%252Fsmarterlogix.com%252FiosSecureApps%252FPakIndiaTVHD%252FV1-2%252FImages%252Fboxing.jpg&amp;description=&quot;)</favourite>
    <favourite name="TSN Sports 1" thumb="special://home/addons/23.png">PlayMedia(&quot;plugin://plugin.video.livehub2/?url=http%3A%2F%2F95.154.237.88%3A8080%2FMatH33Raaa%2FTseennna1%2Findex.m3u8%7CUser-Agent%3DAppleCoreMedia%2F1.0.0.13A452+%28iPhone%3B+U%3B+CPU+OS+9_0_2+like+Mac+OS+X%3B+en_gb%29&amp;mode=9999&amp;name=TSN+Sports+1&amp;iconimage=http%253A%252F%252Fsmarterlogix.com%252FiosSecureApps%252FPakIndiaTVHD%252FV1-2%252FImages%252Fdefault_img.jpg&amp;description=&quot;)</favourite>
    <favourite name="TSN Sports 2" thumb="special://home/addons/23.png">PlayMedia(&quot;plugin://plugin.video.livehub2/?url=http%3A%2F%2F95.154.237.88%3A8080%2FMatH33Raaa%2FTseennna2%2Findex.m3u8%7CUser-Agent%3DAppleCoreMedia%2F1.0.0.13A452+%28iPhone%3B+U%3B+CPU+OS+9_0_2+like+Mac+OS+X%3B+en_gb%29&amp;mode=9999&amp;name=TSN+Sports+2&amp;iconimage=http%253A%252F%252Fsmarterlogix.com%252FiosSecureApps%252FPakIndiaTVHD%252FV1-2%252FImages%252Fdefault_img.jpg&amp;description=&quot;)</favourite>
    <favourite name="TSN Sports 3" thumb="special://home/addons/23.png">PlayMedia(&quot;plugin://plugin.video.livehub2/?url=http%3A%2F%2F95.154.237.88%3A8080%2FMatH33Raaa%2FTseennna3%2Findex.m3u8%7CUser-Agent%3DAppleCoreMedia%2F1.0.0.13A452+%28iPhone%3B+U%3B+CPU+OS+9_0_2+like+Mac+OS+X%3B+en_gb%29&amp;mode=9999&amp;name=TSN+Sports+3&amp;iconimage=http%253A%252F%252Fsmarterlogix.com%252FiosSecureApps%252FPakIndiaTVHD%252FV1-2%252FImages%252Fdefault_img.jpg&amp;description=&quot;)</favourite>
    <favourite name="TSN Sports 4" thumb="special://home/addons/23.png">PlayMedia(&quot;plugin://plugin.video.livehub2/?url=http%3A%2F%2F95.154.237.88%3A8080%2FMatH33Raaa%2FTseennna4%2Findex.m3u8%7CUser-Agent%3DAppleCoreMedia%2F1.0.0.13A452+%28iPhone%3B+U%3B+CPU+OS+9_0_2+like+Mac+OS+X%3B+en_gb%29&amp;mode=9999&amp;name=TSN+Sports+4&amp;iconimage=http%253A%252F%252Fsmarterlogix.com%252FiosSecureApps%252FPakIndiaTVHD%252FV1-2%252FImages%252Fdefault_img.jpg&amp;description=&quot;)</favourite>
    <favourite name="TSN Sports 5" thumb="special://home/addons/23.png">PlayMedia(&quot;plugin://plugin.video.livehub2/?url=http%3A%2F%2F95.154.237.88%3A8080%2FMatH33Raaa%2FTseennna5%2Findex.m3u8%7CUser-Agent%3DAppleCoreMedia%2F1.0.0.13A452+%28iPhone%3B+U%3B+CPU+OS+9_0_2+like+Mac+OS+X%3B+en_gb%29&amp;mode=9999&amp;name=TSN+Sports+5&amp;iconimage=http%253A%252F%252Fsmarterlogix.com%252FiosSecureApps%252FPakIndiaTVHD%252FV1-2%252FImages%252Fdefault_img.jpg&amp;description=&quot;)</favourite>
    <favourite name="[B]ESPN[/B] (10016) " thumb="https://github.com/Apollo2000/Repo/raw/master/TVLogos/10016.png">PlayMedia(&quot;plugin://program.apollo/?action=apollo&amp;imdb=9999&amp;season=10016&amp;title=10016&quot;)</favourite>
    <favourite name="[B]ESPN[/B] (20010) " thumb="https://github.com/Apollo2000/Repo/raw/master/TVLogos/20010.png">PlayMedia(&quot;plugin://program.apollo/?action=apollo&amp;imdb=9999&amp;season=20010&amp;title=20010&quot;)</favourite>
    <favourite name="[B]ESPN2[/B] (10017) " thumb="https://github.com/Apollo2000/Repo/raw/master/TVLogos/10017.png">PlayMedia(&quot;plugin://program.apollo/?action=apollo&amp;imdb=9999&amp;season=10017&amp;title=10017&quot;)</favourite>
    <favourite name="[B]ESPN2[/B] (20011) " thumb="https://github.com/Apollo2000/Repo/raw/master/TVLogos/20011.png">PlayMedia(&quot;plugin://program.apollo/?action=apollo&amp;imdb=9999&amp;season=20011&amp;title=20011&quot;)</favourite>
    <favourite name="[B]FOX SOCCER PLUS[/B] (20009) " thumb="https://github.com/Apollo2000/Repo/raw/master/TVLogos/20009.png">PlayMedia(&quot;plugin://program.apollo/?action=apollo&amp;imdb=9999&amp;season=20009&amp;title=20009&quot;)</favourite>
    <favourite name="[B]NBCSN[/B] (20013) " thumb="https://github.com/Apollo2000/Repo/raw/master/TVLogos/20013.png">PlayMedia(&quot;plugin://program.apollo/?action=apollo&amp;imdb=9999&amp;season=20013&amp;title=20013&quot;)</favourite>
    
    <favourite name="[COLOR red]-- Other Sports and Events --------[/COLOR]" thumb="special://home/addons/23.png">NOTHING</favourite>
    <favourite name="[COLOR aqua]Live Game/Events[/COLOR] (Some PPV in here)" thumb="special://home/addons/23.png">ActivateWindow(10025,&quot;plugin://plugin.video.nemesis/?description&amp;fanart=C%3a%5cUsers%5cbigla%5cAppData%5cRoaming%5cKodi%5caddons%5cplugin.video.nemesis%5cfanart.jpg&amp;iconimage=C%3a%5cUsers%5cbigla%5cAppData%5cRoaming%5cKodi%5caddons%5cplugin.video.nemesis%5cicon.png&amp;mode=1&amp;name=%5bCOLOR%20yellow%5dW%5bCOLOR%20aqua%5diz%20HD%20Scrapers%5b%2fCOLOR%5d&amp;url=https%3a%2f%2fpastebin.com%2fraw%2f8AY9UYcA&quot;,return)</favourite>
    <favourite name="[COLOR aqua]Dimsports.eu [/COLOR]" thumb="special://home/addons/23.png">ActivateWindow(10025,&quot;plugin://plugin.video.falconsports/?fanart&amp;mode=53&amp;name=%5bCOLOR%20khaki%5d%20Dimsports.eu%20%5b%2fCOLOR%5d&amp;url=plugin%3a%2f%2fplugin.video.SportsDevil%2f%3fitem%3durl%3dlivesports%2fdimsports.eu.cfg%26mode%3d1&quot;,return)</favourite>
    <favourite name="[COLOR aqua]Bob Sports[/COLOR]" thumb="special://home/addons/23.png">ActivateWindow(10025,&quot;plugin://plugin.video.bob.unleashed/?description=No%20information%20available&amp;fanart=http%3a%2f%2f178.32.217.111%2freloaded%2fthemes%2fmovies%2fmovies1.jpg&amp;iconimage=http%3a%2f%2f178.32.217.111%2freloaded%2ficons%2fMain%2fMain-Sports.png&amp;mode=get_list&amp;name=Bob%20Sports&amp;url=http%3a%2f%2fwww.norestrictions.club%2fsports%2fbobsports.xml&quot;,return)</favourite>
    <favourite name="[COLOR aqua]Live Sports[/COLOR]" thumb="special://home/addons/23.png">ActivateWindow(10025,&quot;plugin://plugin.video.bob.unleashed/?description=No%20information%20available&amp;fanart=https%3a%2f%2flh3.googleusercontent.com%2f6JYYs_5RQiz_LCZ4a4844M4IifsO5d8MxSmqbqvogFeWs7EYZ077PsPu8ESIC39F7Q%3dh900&amp;iconimage=http%3a%2f%2f178.32.217.111%2fsports%2ficons%2fSports-Live.png&amp;mode=get_list&amp;name=Live%20Sports&amp;url=http%3a%2f%2fwww.norestrictions.club%2fsports%2flive.xml&quot;,return)</favourite>
    <favourite name="[COLOR aqua]Boxing[/COLOR]" thumb="special://home/addons/23.png">ActivateWindow(10025,&quot;plugin://plugin.video.bob.unleashed/?description=No%20information%20available&amp;fanart=http%3a%2f%2fi.imgur.com%2fnMvCf9l.jpg&amp;iconimage=http%3a%2f%2f178.32.217.111%2freloaded%2ficons%2fMain%2fMain-Shepo.png&amp;mode=get_list&amp;name=Boxing&amp;url=http%3a%2f%2fwww.norestrictions.club%2fshepo%2fbase.xml&quot;,return)</favourite>
    <favourite name="[COLOR aqua]WWE[/COLOR]" thumb="special://home/addons/23.png">ActivateWindow(10025,&quot;plugin://plugin.video.bob.unleashed/?description=No%20information%20available&amp;fanart=http%3a%2f%2f178.32.217.111%2freloaded%2fthemes%2fmovies%2fmovies11.jpg&amp;iconimage=http%3a%2f%2f178.32.217.111%2freloaded%2ficons%2fSports%2fWWE.png&amp;mode=get_list&amp;name=WWE&amp;url=http%3a%2f%2fwww.norestrictions.club%2fdeez%2freplays%2freplays.xml&quot;,return)</favourite>
    <favourite name="[COLOR aqua]Extreme Sports[/COLOR]" thumb="special://home/addons/23.png">ActivateWindow(10025,&quot;plugin://plugin.video.bob.unleashed/?description=No%20information%20available&amp;fanart=http%3a%2f%2f178.32.217.111%2freloaded%2fthemes%2fmovies%2fmovies11.jpg&amp;iconimage=http%3a%2f%2f178.32.217.111%2fgriff%2fIcons%2fGriff.png&amp;mode=get_list&amp;name=Extreme%20Sports&amp;url=http%3a%2f%2fnorestrictions.club%2fgriff%2fsportsmenu.xml&quot;,return)</favourite>
</favourites> 